date,clicks,impressions,ctr,position,clicks_7d_avg,impressions_7d_avg,position_7d_avg,clicks_desktop,clicks_mobile,clicks_tablet,impressions_desktop,impressions_mobile,impressions_tablet,clicks_kaz,clicks_rus,clicks_uzb,impressions_kaz,impressions_rus,impressions_uzb,is_final
2026-05-21,0,0,0.0,0.0,0.0,0.0,0.0,0.0,0.0,0.0,0.0,0.0,0.0,0.0,0.0,0.0,0.0,0.0,0.0,True
2026-05-22,0,7,0.0,1.2857142857142856,0.0,3.5,0.64,0.0,0.0,0.0,7.0,0.0,0.0,0.0,0.0,0.0,0.0,0.0,0.0,True
2026-05-23,0,0,0.0,0.0,0.0,2.3,0.43,0.0,0.0,0.0,0.0,0.0,0.0,0.0,0.0,0.0,0.0,0.0,0.0,True
2026-05-24,0,0,0.0,0.0,0.0,1.8,0.32,0.0,0.0,0.0,0.0,0.0,0.0,0.0,0.0,0.0,0.0,0.0,0.0,True
2026-05-25,0,0,0.0,0.0,0.0,1.4,0.26,0.0,0.0,0.0,0.0,0.0,0.0,0.0,0.0,0.0,0.0,0.0,0.0,True
2026-05-26,0,0,0.0,0.0,0.0,1.2,0.21,0.0,0.0,0.0,0.0,0.0,0.0,0.0,0.0,0.0,0.0,0.0,0.0,True
2026-05-27,0,0,0.0,0.0,0.0,1.0,0.18,0.0,0.0,0.0,0.0,0.0,0.0,0.0,0.0,0.0,0.0,0.0,0.0,True
2026-05-28,0,0,0.0,0.0,0.0,1.0,0.18,0.0,0.0,0.0,0.0,0.0,0.0,0.0,0.0,0.0,0.0,0.0,0.0,True
2026-05-29,0,0,0.0,0.0,0.0,0.0,0.0,0.0,0.0,0.0,0.0,0.0,0.0,0.0,0.0,0.0,0.0,0.0,0.0,True
2026-05-30,0,25,0.0,2.48,0.0,3.6,0.35,0.0,0.0,0.0,25.0,0.0,0.0,0.0,0.0,0.0,1.0,0.0,1.0,True
2026-05-31,0,7,0.0,4.714285714285714,0.0,4.6,1.03,0.0,0.0,0.0,5.0,2.0,0.0,0.0,0.0,0.0,0.0,0.0,3.0,True
2026-06-01,0,7,0.0,19.285714285714285,0.0,5.6,3.78,0.0,0.0,0.0,5.0,2.0,0.0,0.0,0.0,0.0,1.0,0.0,3.0,True
2026-06-02,0,3,0.0,5.666666666666667,0.0,6.0,4.59,0.0,0.0,0.0,3.0,0.0,0.0,0.0,0.0,0.0,0.0,1.0,1.0,True
2026-06-03,0,3,0.0,33.0,0.0,6.4,9.31,0.0,0.0,0.0,3.0,0.0,0.0,0.0,0.0,0.0,0.0,0.0,0.0,True
2026-06-04,0,8,0.0,6.375,0.0,7.6,10.22,0.0,0.0,0.0,7.0,1.0,0.0,0.0,0.0,0.0,2.0,1.0,1.0,True
2026-06-05,0,39,0.0,8.692307692307693,0.0,13.1,11.46,0.0,0.0,0.0,36.0,3.0,0.0,0.0,0.0,0.0,0.0,4.0,5.0,True
2026-06-06,0,20,0.0,8.75,0.0,12.4,12.35,0.0,0.0,0.0,17.0,3.0,0.0,0.0,0.0,0.0,0.0,3.0,0.0,True
2026-06-07,1,8,0.125,19.25,0.14,12.6,14.43,0.0,1.0,0.0,5.0,3.0,0.0,0.0,0.0,1.0,0.0,2.0,3.0,True
2026-06-08,1,49,0.0204,8.938775510204081,0.29,18.6,12.95,0.0,1.0,0.0,43.0,6.0,0.0,0.0,0.0,1.0,0.0,5.0,9.0,True
2026-06-09,0,9,0.0,23.0,0.29,19.4,15.43,0.0,0.0,0.0,6.0,3.0,0.0,0.0,0.0,0.0,1.0,2.0,4.0,True
2026-06-10,0,4,0.0,8.5,0.29,19.6,11.93,0.0,0.0,0.0,2.0,2.0,0.0,0.0,0.0,0.0,0.0,2.0,1.0,True
2026-06-11,0,6,0.0,23.5,0.29,19.3,14.38,0.0,0.0,0.0,4.0,2.0,0.0,0.0,0.0,0.0,1.0,2.0,1.0,True
2026-06-12,0,5,0.0,8.6,0.29,14.4,14.36,0.0,0.0,0.0,2.0,3.0,0.0,0.0,0.0,0.0,0.0,0.0,1.0,True
2026-06-13,0,9,0.0,30.666666666666668,0.29,12.9,17.49,0.0,0.0,0.0,6.0,3.0,0.0,0.0,0.0,0.0,0.0,7.0,1.0,True
2026-06-14,0,5,0.0,8.6,0.14,12.4,15.97,0.0,0.0,0.0,4.0,1.0,0.0,0.0,0.0,0.0,0.0,1.0,0.0,True
2026-06-15,0,19,0.0,21.526315789473685,0.0,8.1,17.77,0.0,0.0,0.0,10.0,9.0,0.0,0.0,0.0,0.0,2.0,3.0,5.0,True
2026-06-16,0,15,0.0,23.266666666666666,0.0,9.0,17.81,0.0,0.0,0.0,12.0,2.0,1.0,0.0,0.0,0.0,0.0,3.0,1.0,True
2026-06-17,0,27,0.0,17.22222222222222,0.0,12.3,19.05,0.0,0.0,0.0,17.0,10.0,0.0,0.0,0.0,0.0,1.0,7.0,3.0,True
2026-06-18,0,22,0.0,29.40909090909091,0.0,14.6,19.9,0.0,0.0,0.0,19.0,3.0,0.0,0.0,0.0,0.0,1.0,4.0,4.0,True
2026-06-19,0,5,0.0,23.4,0.0,14.6,22.01,0.0,0.0,0.0,4.0,1.0,0.0,0.0,0.0,0.0,0.0,1.0,2.0,True
2026-06-20,0,3,0.0,7.0,0.0,13.7,18.63,0.0,0.0,0.0,1.0,2.0,0.0,0.0,0.0,0.0,0.0,0.0,0.0,True
2026-06-21,0,31,0.0,4.516129032258064,0.0,17.4,18.05,0.0,0.0,0.0,30.0,1.0,0.0,0.0,0.0,0.0,1.0,3.0,0.0,True
2026-06-22,0,35,0.0,13.142857142857142,0.0,19.7,16.85,0.0,0.0,0.0,35.0,0.0,0.0,0.0,0.0,0.0,1.0,3.0,2.0,True
2026-06-23,0,20,0.0,13.7,0.0,20.4,15.48,0.0,0.0,0.0,15.0,5.0,0.0,0.0,0.0,0.0,0.0,1.0,2.0,True
2026-06-24,1,25,0.04,11.92,0.14,20.1,14.73,0.0,1.0,0.0,14.0,11.0,0.0,0.0,0.0,1.0,0.0,3.0,12.0,True
2026-06-25,1,11,0.0909,26.545454545454547,0.29,18.6,14.32,1.0,0.0,0.0,7.0,4.0,0.0,0.0,0.0,1.0,0.0,2.0,4.0,True
2026-06-26,1,8,0.125,4.0,0.43,19.0,11.55,1.0,0.0,0.0,4.0,4.0,0.0,0.0,0.0,1.0,0.0,2.0,3.0,True
2026-06-27,0,5,0.0,32.0,0.43,19.3,15.12,0.0,0.0,0.0,4.0,1.0,0.0,0.0,0.0,0.0,1.0,1.0,0.0,True
2026-06-28,0,2,0.0,7.5,0.43,15.1,15.54,0.0,0.0,0.0,2.0,0.0,0.0,0.0,0.0,0.0,0.0,0.0,1.0,True
2026-06-29,0,2,0.0,51.0,0.43,10.4,20.95,0.0,0.0,0.0,2.0,0.0,0.0,0.0,0.0,0.0,0.0,1.0,0.0,True
2026-06-30,0,9,0.0,41.55555555555556,0.43,8.9,24.93,0.0,0.0,0.0,6.0,3.0,0.0,0.0,0.0,0.0,0.0,4.0,0.0,True
2026-07-01,0,12,0.0,40.0,0.29,7.0,28.94,0.0,0.0,0.0,3.0,9.0,0.0,0.0,0.0,0.0,0.0,1.0,5.0,True
2026-07-02,0,14,0.0,19.571428571428573,0.14,7.4,27.95,0.0,0.0,0.0,7.0,7.0,0.0,0.0,0.0,0.0,2.0,0.0,9.0,True
2026-07-03,0,10,0.0,31.3,0.0,7.7,31.85,0.0,0.0,0.0,9.0,1.0,0.0,0.0,0.0,0.0,3.0,0.0,5.0,True
2026-07-04,2,13,0.1538,28.615384615384617,0.29,8.9,31.36,1.0,1.0,0.0,4.0,9.0,0.0,0.0,0.0,2.0,0.0,4.0,7.0,True
2026-07-05,0,28,0.0,23.035714285714285,0.29,12.6,33.58,0.0,0.0,0.0,25.0,3.0,0.0,0.0,0.0,0.0,1.0,15.0,5.0,True
2026-07-06,0,8,0.0,26.5,0.29,13.4,30.08,0.0,0.0,0.0,2.0,6.0,0.0,0.0,0.0,0.0,0.0,1.0,4.0,True
2026-07-07,1,24,0.0417,29.0,0.43,15.6,28.29,1.0,0.0,0.0,16.0,8.0,0.0,0.0,0.0,1.0,0.0,1.0,12.0,True
2026-07-08,0,16,0.0,23.5625,0.43,16.1,25.94,0.0,0.0,0.0,10.0,6.0,0.0,0.0,0.0,0.0,1.0,2.0,6.0,True
2026-07-09,1,20,0.05,39.8,0.57,17.0,28.83,1.0,0.0,0.0,8.0,12.0,0.0,0.0,0.0,1.0,0.0,1.0,7.0,True
2026-07-10,0,23,0.0,23.43478260869565,0.57,18.9,27.71,0.0,0.0,0.0,13.0,10.0,0.0,0.0,0.0,0.0,0.0,3.0,11.0,True
2026-07-11,1,22,0.0455,39.31818181818182,0.43,20.1,29.24,0.0,1.0,0.0,12.0,10.0,0.0,0.0,1.0,0.0,0.0,6.0,10.0,True
2026-07-12,1,39,0.0256,27.897435897435894,0.57,21.7,29.93,0.0,1.0,0.0,30.0,9.0,0.0,0.0,0.0,1.0,0.0,2.0,11.0,True
2026-07-13,2,49,0.0408,22.06122448979592,0.86,27.6,29.3,0.0,2.0,0.0,38.0,11.0,0.0,0.0,0.0,2.0,0.0,3.0,17.0,True
2026-07-14,2,51,0.0392,14.31372549019608,1.0,31.4,27.2,0.0,2.0,0.0,32.0,19.0,0.0,0.0,2.0,0.0,0.0,14.0,25.0,True
2026-07-15,1,44,0.0227,17.113636363636363,1.14,35.4,26.28,1.0,0.0,0.0,25.0,19.0,0.0,0.0,0.0,1.0,2.0,7.0,18.0,True
2026-07-16,0,47,0.0,20.148936170212767,1.0,39.3,23.47,0.0,0.0,0.0,26.0,20.0,1.0,0.0,0.0,0.0,0.0,10.0,15.0,True
2026-07-17,0,39,0.0,18.97435897435897,1.0,41.6,22.83,0.0,0.0,0.0,16.0,22.0,1.0,0.0,0.0,0.0,2.0,9.0,15.0,True
2026-07-18,0,26,0.0,26.46153846153846,0.86,42.1,21.0,0.0,0.0,0.0,16.0,9.0,1.0,0.0,0.0,0.0,0.0,7.0,11.0,True
2026-07-19,0,43,0.0,50.093023255813954,0.71,42.7,24.17,0.0,0.0,0.0,30.0,13.0,0.0,0.0,0.0,0.0,0.0,21.0,13.0,True
2026-07-20,0,38,0.0,36.39473684210526,0.43,41.1,26.21,0.0,0.0,0.0,20.0,17.0,1.0,0.0,0.0,0.0,1.0,12.0,11.0,True
2026-07-21,1,49,0.0204,34.734693877551024,0.29,40.9,29.13,1.0,0.0,0.0,32.0,13.0,4.0,0.0,0.0,1.0,2.0,16.0,14.0,True
2026-07-22,3,56,0.0536,26.964285714285715,0.57,42.6,30.54,1.0,2.0,0.0,31.0,22.0,3.0,1.0,0.0,2.0,5.0,17.0,19.0,True
2026-07-23,0,37,0.0,37.78378378378378,0.57,41.1,33.06,0.0,0.0,0.0,21.0,14.0,2.0,0.0,0.0,0.0,0.0,11.0,16.0,True
2026-07-24,0,53,0.0,27.62264150943396,0.57,43.1,34.29,0.0,0.0,0.0,44.0,9.0,0.0,0.0,0.0,0.0,1.0,26.0,12.0,True
2026-07-25,0,31,0.0,37.096774193548384,0.57,43.9,35.81,0.0,0.0,0.0,19.0,12.0,0.0,0.0,0.0,0.0,0.0,13.0,12.0,True
2026-07-26,2,41,0.0488,23.75609756097561,0.86,43.6,32.05,0.0,2.0,0.0,23.0,18.0,0.0,0.0,1.0,1.0,0.0,13.0,16.0,True
2026-07-27,1,48,0.0208,40.04166666666666,1.0,45.0,32.57,1.0,0.0,0.0,30.0,16.0,2.0,0.0,0.0,0.0,2.0,8.0,26.0,True
2026-07-28,1,77,0.013,31.350649350649352,1.0,49.0,32.09,1.0,0.0,0.0,45.0,32.0,0.0,0.0,0.0,1.0,1.0,22.0,30.0,True
2026-07-29,1,94,0.0106,33.5,0.71,54.4,33.02,1.0,0.0,0.0,53.0,41.0,0.0,0.0,0.0,1.0,0.0,37.0,37.0,True
2026-07-30,2,94,0.0213,27.96808510638298,1.0,62.6,31.62,0.0,2.0,0.0,52.0,41.0,1.0,0.0,1.0,1.0,4.0,25.0,45.0,True
2026-07-31,0,114,0.0,36.1140350877193,1.0,71.3,32.83,0.0,0.0,0.0,58.0,56.0,0.0,0.0,0.0,0.0,0.0,14.0,43.0,True
2026-08-01,0,104,0.0,28.942307692307693,1.0,81.7,31.67,0.0,0.0,0.0,55.0,48.0,1.0,0.0,0.0,0.0,1.0,33.0,45.0,True
2026-08-02,3,193,0.0155,29.05699481865285,1.14,103.4,32.42,2.0,1.0,0.0,103.0,88.0,2.0,0.0,0.0,3.0,1.0,48.0,102.0,True
2026-08-03,4,226,0.0177,23.56637168141593,1.57,128.9,30.07,4.0,0.0,0.0,85.0,139.0,2.0,0.0,1.0,3.0,5.0,41.0,150.0,True
2026-08-04,2,211,0.0095,36.14218009478673,1.71,148.0,30.76,1.0,0.0,1.0,111.0,98.0,2.0,0.0,0.0,1.0,7.0,41.0,125.0,True
2026-08-05,4,234,0.0171,23.517094017094017,2.14,168.0,29.33,2.0,2.0,0.0,96.0,137.0,1.0,0.0,1.0,1.0,1.0,30.0,153.0,True
2026-08-06,5,465,0.0108,26.61720430107527,2.57,221.0,29.14,2.0,3.0,0.0,203.0,262.0,0.0,0.0,1.0,4.0,4.0,40.0,292.0,True
2026-08-07,7,276,0.0254,20.92391304347826,3.57,244.1,26.97,5.0,2.0,0.0,93.0,181.0,2.0,0.0,1.0,5.0,4.0,38.0,185.0,True
2026-08-08,2,196,0.0102,16.93877551020408,3.86,257.3,25.25,1.0,1.0,0.0,55.0,137.0,4.0,0.0,1.0,1.0,1.0,23.0,130.0,True
2026-08-09,9,313,0.0288,13.853035143769969,4.71,274.4,23.08,2.0,7.0,0.0,77.0,234.0,2.0,0.0,2.0,4.0,5.0,46.0,215.0,True
2026-08-10,3,375,0.008,14.064,4.57,295.7,21.72,1.0,2.0,0.0,111.0,261.0,3.0,0.0,0.0,2.0,5.0,42.0,283.0,True
2026-08-11,5,400,0.0125,11.6625,5.0,322.7,18.23,1.0,4.0,0.0,104.0,291.0,5.0,0.0,0.0,4.0,4.0,37.0,303.0,True
2026-08-12,6,379,0.0158,10.672823218997362,5.29,343.4,16.39,1.0,5.0,0.0,111.0,266.0,2.0,0.0,0.0,6.0,5.0,38.0,301.0,True
2026-08-13,2,469,0.0043,15.01279317697228,4.86,344.0,14.73,1.0,1.0,0.0,136.0,330.0,3.0,0.0,0.0,2.0,3.0,46.0,356.0,True
2026-08-14,5,558,0.009,11.206093189964156,4.57,384.3,13.34,1.0,4.0,0.0,122.0,434.0,2.0,1.0,1.0,3.0,4.0,61.0,430.0,True
2026-08-15,10,525,0.019,12.982857142857142,5.71,431.3,12.78,1.0,9.0,0.0,113.0,401.0,11.0,0.0,2.0,8.0,6.0,78.0,382.0,True
2026-08-16,9,441,0.0204,20.27891156462585,5.71,449.6,13.7,5.0,4.0,0.0,136.0,303.0,2.0,0.0,1.0,7.0,4.0,55.0,271.0,True
2026-08-17,4,749,0.0053,23.724966622162885,5.86,503.0,15.08,2.0,2.0,0.0,284.0,464.0,1.0,0.0,0.0,4.0,8.0,99.0,430.0,True
2026-08-18,15,766,0.0196,13.697127937336814,7.29,555.3,15.37,8.0,7.0,0.0,240.0,523.0,3.0,0.0,2.0,13.0,5.0,72.0,567.0,True
2026-08-19,10,718,0.0139,12.763231197771589,7.86,603.7,15.67,5.0,5.0,0.0,194.0,523.0,1.0,0.0,0.0,8.0,4.0,74.0,552.0,True
2026-08-20,13,793,0.0164,16.279949558638084,9.43,650.0,15.85,5.0,8.0,0.0,217.0,571.0,5.0,0.0,1.0,10.0,7.0,58.0,558.0,True
2026-08-21,13,814,0.016,13.437346437346438,10.57,686.6,16.17,6.0,7.0,0.0,234.0,573.0,7.0,0.0,0.0,13.0,10.0,120.0,589.0,True
2026-08-22,10,720,0.0139,12.918055555555556,10.57,714.4,16.16,2.0,8.0,0.0,133.0,582.0,5.0,0.0,1.0,7.0,3.0,66.0,525.0,True
2026-08-23,14,1007,0.0139,18.793445878848065,11.29,795.3,15.94,4.0,9.0,1.0,274.0,722.0,11.0,0.0,1.0,13.0,5.0,133.0,677.0,True
2026-08-24,17,1216,0.014,13.125822368421051,13.14,862.0,14.43,9.0,8.0,0.0,326.0,881.0,9.0,0.0,0.0,15.0,13.0,128.0,904.0,True
2026-08-25,18,1591,0.0113,12.3708359522313,13.57,979.9,14.24,4.0,14.0,0.0,354.0,1229.0,8.0,0.0,2.0,14.0,12.0,150.0,1236.0,True
2026-08-26,13,1284,0.0101,10.881619937694705,14.0,1060.7,13.97,3.0,10.0,0.0,313.0,961.0,10.0,0.0,4.0,9.0,9.0,118.0,998.0,True
2026-08-27,19,1491,0.0127,13.157612340710932,14.86,1160.4,13.53,7.0,12.0,0.0,378.0,1099.0,14.0,0.0,3.0,15.0,11.0,168.0,1121.0,True
2026-08-28,15,1263,0.0119,16.15439429928741,15.14,1224.6,13.91,2.0,13.0,0.0,358.0,894.0,11.0,0.0,1.0,12.0,9.0,158.0,847.0,True
2026-08-29,20,1117,0.0179,9.701880035810206,16.57,1281.3,13.46,3.0,16.0,1.0,219.0,887.0,11.0,0.0,7.0,13.0,6.0,133.0,862.0,True
2026-08-30,19,1343,0.0141,10.492926284437823,17.29,1329.3,12.27,3.0,16.0,0.0,197.0,1142.0,4.0,1.0,2.0,16.0,16.0,176.0,993.0,True
2026-08-31,25,1533,0.0163,11.686236138290932,18.43,1374.6,12.06,3.0,22.0,0.0,321.0,1209.0,3.0,0.0,5.0,17.0,14.0,197.0,1124.0,True
2026-09-01,21,1685,0.0125,11.55786350148368,18.86,1388.0,11.95,6.0,15.0,0.0,490.0,1187.0,8.0,0.0,2.0,13.0,10.0,180.0,1357.0,True
2026-09-02,34,4078,0.0083,7.45242766061795,21.86,1787.1,11.46,5.0,29.0,0.0,670.0,3384.0,24.0,0.0,0.0,32.0,15.0,174.0,3706.0,True
2026-09-03,47,5431,0.0087,7.245442828208433,25.86,2350.0,10.61,12.0,33.0,2.0,791.0,4592.0,48.0,0.0,2.0,41.0,18.0,179.0,5017.0,True
2026-09-04,39,4112,0.0095,9.016050583657588,29.29,2757.0,9.59,8.0,31.0,0.0,709.0,3379.0,24.0,0.0,8.0,30.0,11.0,233.0,3590.0,True
2026-09-05,43,2930,0.0147,7.859044368600682,32.57,3016.0,9.33,9.0,34.0,0.0,380.0,2531.0,19.0,0.0,9.0,34.0,13.0,201.0,2552.0,True
2026-09-06,42,4583,0.0092,8.11302640192014,35.86,3478.9,8.99,14.0,28.0,0.0,703.0,3846.0,34.0,0.0,11.0,30.0,11.0,258.0,4100.0,True
2026-09-07,39,4336,0.009,8.174815498154981,37.86,3879.3,8.49,7.0,32.0,0.0,725.0,3580.0,31.0,0.0,1.0,33.0,15.0,206.0,3930.0,True
2026-09-08,34,4663,0.0073,7.086853956680248,39.71,4304.7,7.85,8.0,26.0,0.0,623.0,4018.0,22.0,0.0,3.0,29.0,13.0,127.0,4360.0,True
2026-09-09,49,4884,0.01,7.20004095004095,41.86,4419.9,7.81,10.0,38.0,1.0,732.0,4111.0,41.0,0.0,3.0,44.0,15.0,166.0,4513.0,True
2026-09-10,57,4692,0.0121,7.062233589087809,43.29,4314.3,7.79,8.0,49.0,0.0,628.0,4014.0,50.0,0.0,5.0,51.0,15.0,176.0,4344.0,True
2026-09-11,52,5073,0.0103,6.8176621328602405,45.14,4451.6,7.47,8.0,44.0,0.0,585.0,4457.0,31.0,0.0,8.0,42.0,13.0,233.0,4685.0,True
2026-09-12,37,3902,0.0095,6.564582265504869,44.29,4590.4,7.29,10.0,27.0,0.0,400.0,3485.0,17.0,0.0,4.0,30.0,20.0,341.0,3390.0,True
2026-09-13,86,4900,0.0176,6.715714285714285,50.57,4635.7,7.09,9.0,76.0,1.0,431.0,4442.0,27.0,1.0,23.0,57.0,22.0,398.0,4328.0,True
2026-09-14,42,4096,0.0103,6.779296875,51.0,4601.4,6.89,11.0,31.0,0.0,501.0,3571.0,24.0,0.0,6.0,34.0,19.0,265.0,3661.0,True
