date,country,clicks,impressions,ctr,position
2026-09-13,uzb,57,4328,0.013170055452865065,6.536968576709796
2026-09-10,uzb,51,4344,0.011740331491712707,6.797421731123388
2026-09-09,uzb,44,4513,0.009749612231331709,6.615776645247064
2026-09-11,uzb,42,4685,0.00896478121664888,6.729135538954109
2026-09-03,uzb,41,5017,0.008172214470799282,6.277456647398844
2026-09-05,uzb,34,2552,0.013322884012539185,6.44435736677116
2026-09-14,uzb,34,3661,0.00928708003277793,6.523354274788309
2026-09-07,uzb,33,3930,0.008396946564885497,6.824427480916031
2026-09-02,uzb,32,3706,0.008634646519158122,6.41743119266055
2026-09-04,uzb,30,3590,0.008356545961002786,6.388022284122562
2026-09-06,uzb,30,4100,0.007317073170731708,6.6102439024390245
2026-09-12,uzb,30,3390,0.008849557522123894,6.355752212389381
2026-09-08,uzb,29,4360,0.006651376146788991,6.785091743119266
2026-09-13,rus,23,398,0.05778894472361809,7.494974874371859
2026-08-31,uzb,17,1124,0.015124555160142349,6.741992882562277
2026-08-30,uzb,16,993,0.016112789526686808,6.5357502517623365
2026-08-24,uzb,15,904,0.016592920353982302,7.876106194690266
2026-08-27,uzb,15,1121,0.013380909901873328,8.262265834076718
2026-08-25,uzb,14,1236,0.011326860841423949,7.171521035598706
2026-08-18,uzb,13,567,0.02292768959435626,7.499118165784832
2026-08-21,uzb,13,589,0.022071307300509338,9.130730050933787
2026-08-23,uzb,13,677,0.019202363367799114,10.840472673559823
2026-08-29,uzb,13,862,0.015081206496519721,6.344547563805104
2026-09-01,uzb,13,1357,0.009579955784819455,8.682387619749449
2026-08-28,uzb,12,847,0.014167650531286895,6.324675324675325
2026-09-06,rus,11,258,0.04263565891472868,15.2015503875969
2026-08-20,uzb,10,558,0.017921146953405017,8.20967741935484
2026-08-26,uzb,9,998,0.009018036072144289,7.154308617234469
2026-09-05,rus,9,201,0.04477611940298507,11.119402985074627
2026-08-15,uzb,8,382,0.020942408376963352,6.5890052356020945
2026-08-19,uzb,8,552,0.014492753623188406,8.148550724637682
2026-09-04,rus,8,233,0.034334763948497854,22.300429184549355
2026-09-11,rus,8,233,0.034334763948497854,6.866952789699571
2026-08-16,uzb,7,271,0.025830258302583026,7.6162361623616235
2026-08-22,uzb,7,525,0.013333333333333334,7.236190476190476
2026-08-29,rus,7,133,0.05263157894736842,19.518796992481203
2026-08-12,uzb,6,301,0.019933554817275746,7.833887043189368
2026-09-14,rus,6,265,0.022641509433962263,8.633962264150943
2026-08-07,uzb,5,185,0.02702702702702703,10.945945945945946
2026-08-31,rus,5,197,0.025380710659898477,21.253807106598984
2026-09-10,rus,5,176,0.028409090909090908,10.142045454545455
2026-08-06,uzb,4,292,0.0136986301369863,11.48972602739726
2026-08-09,uzb,4,215,0.018604651162790697,7.511627906976744
2026-08-11,uzb,4,303,0.013201320132013201,7.567656765676568
2026-08-17,uzb,4,430,0.009302325581395349,7.6069767441860465
2026-08-26,rus,4,118,0.03389830508474576,11.677966101694915
2026-09-12,rus,4,341,0.011730205278592375,6.375366568914956
2026-08-02,uzb,3,102,0.029411764705882353,12.892156862745098
2026-08-03,uzb,3,150,0.02,15.94
2026-08-14,uzb,3,430,0.0069767441860465115,7.72093023255814
2026-08-27,rus,3,168,0.017857142857142856,20.720238095238095
2026-09-07,tjk,3,9,0.3333333333333333,6.777777777777778
2026-09-08,rus,3,127,0.023622047244094488,9.669291338582678
2026-09-09,rus,3,166,0.018072289156626505,13.08433734939759
2026-09-13,kgz,3,13,0.23076923076923078,5.461538461538462
2026-07-04,uzb,2,7,0.2857142857142857,12.285714285714286
2026-07-13,uzb,2,17,0.11764705882352941,25.470588235294116
2026-07-14,rus,2,14,0.14285714285714285,13.571428571428571
2026-07-22,uzb,2,19,0.10526315789473684,7.2105263157894735
2026-08-09,rus,2,46,0.043478260869565216,13.543478260869565
2026-08-10,uzb,2,283,0.007067137809187279,8.459363957597173
2026-08-13,uzb,2,356,0.0056179775280898875,11.567415730337078
2026-08-15,rus,2,78,0.02564102564102564,21.67948717948718
2026-08-18,rus,2,72,0.027777777777777776,27.375
2026-08-25,rus,2,150,0.013333333333333334,26.34
2026-08-25,tkm,2,5,0.4,4
2026-08-30,rus,2,176,0.011363636363636364,19.244318181818183
2026-09-01,rus,2,180,0.011111111111111112,24.744444444444444
2026-09-03,rus,2,179,0.0111731843575419,15.569832402234637
2026-09-03,tjk,2,15,0.13333333333333333,6.266666666666667
2026-06-07,uzb,1,3,0.3333333333333333,7.333333333333333
2026-06-08,uzb,1,9,0.1111111111111111,5.555555555555555
2026-06-24,uzb,1,12,0.08333333333333333,18.75
2026-06-25,uzb,1,4,0.25,1.75
2026-06-26,uzb,1,3,0.3333333333333333,2.666666666666667
2026-07-07,uzb,1,12,0.08333333333333333,14.666666666666666
2026-07-09,uzb,1,7,0.14285714285714285,17.285714285714285
2026-07-11,rus,1,6,0.16666666666666666,43.333333333333336
2026-07-12,uzb,1,11,0.09090909090909091,12.363636363636363
2026-07-15,uzb,1,18,0.05555555555555555,6.833333333333333
2026-07-21,uzb,1,14,0.07142857142857142,17.357142857142858
2026-07-22,kaz,1,5,0.2,8
2026-07-26,rus,1,13,0.07692307692307693,19.615384615384617
2026-07-26,uzb,1,16,0.0625,28.5
2026-07-27,chn,1,1,1,3
2026-07-28,uzb,1,30,0.03333333333333333,25.033333333333335
2026-07-29,uzb,1,37,0.02702702702702703,18.54054054054054
2026-07-30,rus,1,25,0.04,43.8
2026-07-30,uzb,1,45,0.022222222222222223,18.377777777777776
2026-08-03,rus,1,41,0.024390243902439025,38.63414634146341
2026-08-04,tkm,1,2,0.5,14.5
2026-08-04,uzb,1,125,0.008,26.288
2026-08-05,egy,1,1,1,8
2026-08-05,rus,1,30,0.03333333333333333,22.433333333333334
2026-08-05,tkm,1,1,1,4
2026-08-05,uzb,1,153,0.006535947712418301,14.366013071895425
2026-08-06,rus,1,40,0.025,29.4
2026-08-07,rus,1,38,0.02631578947368421,36.8421052631579
2026-08-07,tjk,1,6,0.16666666666666666,7.666666666666667
2026-08-08,rus,1,23,0.043478260869565216,31.26086956521739
2026-08-08,uzb,1,130,0.007692307692307693,9.376923076923077
2026-08-09,blr,1,4,0.25,7
2026-08-09,tjk,1,1,1,3
2026-08-09,tur,1,1,1,1
2026-08-10,nga,1,2,0.5,7.5
2026-08-11,tur,1,2,0.5,3
2026-08-14,kaz,1,4,0.25,28.75
2026-08-14,rus,1,61,0.01639344262295082,20.360655737704917
2026-08-16,blr,1,2,0.5,3.5
2026-08-16,rus,1,55,0.01818181818181818,25.236363636363638
2026-08-19,esp,1,2,0.5,7.5
2026-08-19,ukr,1,29,0.034482758620689655,42.241379310344826
2026-08-20,gbr,1,21,0.047619047619047616,55.333333333333336
2026-08-20,rus,1,58,0.017241379310344827,23.413793103448278
2026-08-20,ukr,1,95,0.010526315789473684,44.189473684210526
2026-08-22,hkg,1,1,1,7
2026-08-22,pol,1,3,0.3333333333333333,1.3333333333333333
2026-08-22,rus,1,66,0.015151515151515152,23.848484848484848
2026-08-23,rus,1,133,0.007518796992481203,31.30075187969925
2026-08-24,ltu,1,1,1,4
2026-08-24,tur,1,10,0.1,20.2
2026-08-27,ukr,1,49,0.02040816326530612,43.59183673469388
2026-08-28,blr,1,10,0.1,7.8
2026-08-28,rus,1,158,0.006329113924050633,32.31645569620253
2026-08-28,tkm,1,4,0.25,4.25
2026-08-30,kaz,1,16,0.0625,10
2026-08-31,aze,1,2,0.5,8.5
2026-08-31,hkg,1,2,0.5,7.5
2026-08-31,usa,1,8,0.125,7.75
2026-09-01,chn,1,2,0.5,4
2026-09-01,deu,1,5,0.2,8
2026-09-01,kgz,1,16,0.0625,3.6875
2026-09-01,nld,1,2,0.5,4
2026-09-01,tur,1,6,0.16666666666666666,5.833333333333333
2026-09-01,ukr,1,28,0.03571428571428571,48.67857142857143
2026-09-02,tur,1,10,0.1,6.2
2026-09-02,twn,1,4,0.25,9
2026-09-03,kor,1,7,0.14285714285714285,5.571428571428571
2026-09-03,nld,1,7,0.14285714285714285,15.714285714285714
2026-09-04,tkm,1,1,1,3
2026-09-06,hrv,1,2,0.5,4
2026-09-07,bel,1,3,0.3333333333333333,2
2026-09-07,deu,1,10,0.1,13.7
2026-09-07,rus,1,206,0.0048543689320388345,23.446601941747574
2026-09-08,blr,1,8,0.125,6.375
2026-09-08,nld,1,9,0.1111111111111111,4.444444444444445
2026-09-09,hkg,1,4,0.25,3.5
2026-09-09,kgz,1,15,0.06666666666666667,5.466666666666667
2026-09-10,kgz,1,17,0.058823529411764705,7.411764705882353
2026-09-11,kgz,1,10,0.1,6.3
2026-09-11,tjk,1,9,0.1111111111111111,7
2026-09-12,isr,1,3,0.3333333333333333,4.333333333333334
2026-09-12,kgz,1,14,0.07142857142857142,5.857142857142857
2026-09-12,kor,1,6,0.16666666666666666,5.333333333333333
2026-09-13,irn,1,2,0.5,4
2026-09-13,kaz,1,22,0.045454545454545456,11.818181818181818
2026-09-13,tur,1,6,0.16666666666666666,4.5
2026-09-14,arg,1,1,1,2
2026-09-14,deu,1,2,0.5,6
2026-05-22,pse,0,1,0,2
2026-05-22,usa,0,6,0,1.1666666666666667
2026-05-30,arg,0,1,0,1
2026-05-30,can,0,1,0,1
2026-05-30,ecu,0,1,0,1
2026-05-30,kaz,0,1,0,10
2026-05-30,mex,0,1,0,8
2026-05-30,ury,0,1,0,1
2026-05-30,usa,0,18,0,2.166666666666667
2026-05-30,uzb,0,1,0,1
2026-05-31,arm,0,1,0,12
2026-05-31,lva,0,1,0,2
2026-05-31,mda,0,1,0,2
2026-05-31,usa,0,1,0,6
2026-05-31,uzb,0,3,0,3.6666666666666665
2026-06-01,can,0,1,0,1
2026-06-01,kaz,0,1,0,8
2026-06-01,usa,0,2,0,52.5
2026-06-01,uzb,0,3,0,7
2026-06-02,nld,0,1,0,7
2026-06-02,rus,0,1,0,8
2026-06-02,uzb,0,1,0,2
2026-06-03,rou,0,1,0,7
2026-06-03,ukr,0,1,0,86
2026-06-03,usa,0,1,0,6
2026-06-04,arm,0,1,0,6
2026-06-04,kaz,0,2,0,6.5
2026-06-04,rus,0,1,0,22
2026-06-04,usa,0,3,0,1
2026-06-04,uzb,0,1,0,7
2026-06-05,aze,0,1,0,9
2026-06-05,deu,0,11,0,1
2026-06-05,ita,0,5,0,1
2026-06-05,nld,0,13,0,1
2026-06-05,rus,0,4,0,70.25
2026-06-05,uzb,0,5,0,4
2026-06-06,are,0,1,0,2
2026-06-06,deu,0,7,0,2.2857142857142856
2026-06-06,ita,0,3,0,1
2026-06-06,nld,0,5,0,1.4
2026-06-06,rus,0,3,0,26.666666666666668
2026-06-06,ukr,0,1,0,67
2026-06-07,can,0,1,0,10
2026-06-07,deu,0,1,0,9
2026-06-07,rus,0,2,0,52.5
2026-06-07,usa,0,1,0,8
2026-06-08,deu,0,6,0,2.166666666666667
2026-06-08,esp,0,1,0,8
2026-06-08,gbr,0,3,0,1.3333333333333333
2026-06-08,isr,0,2,0,14.5
2026-06-08,ita,0,5,0,1.2
2026-06-08,nld,0,15,0,2.666666666666667
2026-06-08,rus,0,5,0,56.2
2026-06-08,usa,0,3,0,2.333333333333333
2026-06-09,ind,0,1,0,3
2026-06-09,kaz,0,1,0,6
2026-06-09,rus,0,2,0,13.5
2026-06-09,usa,0,1,0,71
2026-06-09,uzb,0,4,0,25
2026-06-10,rus,0,2,0,12
2026-06-10,usa,0,1,0,3
2026-06-10,uzb,0,1,0,7
2026-06-11,kaz,0,1,0,5
2026-06-11,nld,0,1,0,10
2026-06-11,rus,0,2,0,55
2026-06-11,usa,0,1,0,11
2026-06-11,uzb,0,1,0,5
2026-06-12,col,0,1,0,19
2026-06-12,geo,0,1,0,8
2026-06-12,hun,0,1,0,9
2026-06-12,usa,0,1,0,6
2026-06-12,uzb,0,1,0,1
2026-06-13,ita,0,1,0,9
2026-06-13,rus,0,7,0,37.285714285714285
2026-06-13,uzb,0,1,0,6
2026-06-14,esp,0,1,0,6
2026-06-14,kgz,0,1,0,8
2026-06-14,lva,0,1,0,7
2026-06-14,mys,0,1,0,7
2026-06-14,rus,0,1,0,15
2026-06-15,est,0,1,0,10
2026-06-15,kaz,0,2,0,8
2026-06-15,lva,0,1,0,6
2026-06-15,rus,0,3,0,69.66666666666667
2026-06-15,tjk,0,1,0,9
2026-06-15,ukr,0,1,0,11
2026-06-15,usa,0,5,0,4.8
2026-06-15,uzb,0,5,0,24.8
2026-06-16,bra,0,1,0,1
2026-06-16,fra,0,1,0,7
2026-06-16,isr,0,1,0,51
2026-06-16,rus,0,3,0,55.666666666666664
2026-06-16,ukr,0,2,0,48.5
2026-06-16,usa,0,5,0,4
2026-06-16,uzb,0,1,0,5
2026-06-16,ven,0,1,0,1
2026-06-17,jpn,0,2,0,3
2026-06-17,kaz,0,1,0,3
2026-06-17,mex,0,1,0,1
2026-06-17,phl,0,2,0,3.5
2026-06-17,rus,0,7,0,9.857142857142858
2026-06-17,swe,0,1,0,11
2026-06-17,ukr,0,7,0,48.142857142857146
2026-06-17,usa,0,3,0,2.333333333333333
2026-06-17,uzb,0,3,0,8
2026-06-18,fra,0,1,0,8
2026-06-18,gbr,0,1,0,5
2026-06-18,idn,0,1,0,7
2026-06-18,kaz,0,1,0,6
2026-06-18,nld,0,2,0,9
2026-06-18,rus,0,4,0,57.75
2026-06-18,ukr,0,2,0,62
2026-06-18,usa,0,6,0,3.8333333333333335
2026-06-18,uzb,0,4,0,56.25
2026-06-19,blr,0,1,0,7
2026-06-19,rus,0,1,0,13
2026-06-19,ukr,0,1,0,82
2026-06-19,uzb,0,2,0,7.5
2026-06-20,kor,0,2,0,6
2026-06-20,usa,0,1,0,9
2026-06-21,arg,0,2,0,3
2026-06-21,can,0,1,0,2
2026-06-21,chn,0,1,0,3
2026-06-21,col,0,1,0,3
2026-06-21,gtm,0,1,0,1
2026-06-21,ind,0,1,0,3
2026-06-21,jpn,0,3,0,2.333333333333333
2026-06-21,kaz,0,1,0,5
2026-06-21,kor,0,1,0,5
2026-06-21,rus,0,3,0,18
2026-06-21,usa,0,15,0,3.3333333333333335
2026-06-21,vnm,0,1,0,1
2026-06-22,blr,0,1,0,66
2026-06-22,che,0,1,0,6
2026-06-22,grc,0,1,0,2
2026-06-22,hkg,0,1,0,3
2026-06-22,idn,0,1,0,5
2026-06-22,ita,0,3,0,3.3333333333333335
2026-06-22,kaz,0,1,0,51
2026-06-22,kor,0,1,0,5
2026-06-22,nor,0,1,0,1
2026-06-22,phl,0,1,0,3
2026-06-22,rus,0,3,0,50.333333333333336
2026-06-22,sgp,0,1,0,2
2026-06-22,tha,0,1,0,3
2026-06-22,usa,0,15,0,9.333333333333334
2026-06-22,uzb,0,2,0,4
2026-06-22,vnm,0,1,0,4
2026-06-23,arg,0,1,0,1
2026-06-23,bra,0,1,0,6
2026-06-23,gbr,0,1,0,1
2026-06-23,rus,0,1,0,20
2026-06-23,svn,0,1,0,1
2026-06-23,tur,0,1,0,6
2026-06-23,ukr,0,3,0,63.666666666666664
2026-06-23,usa,0,9,0,3.3333333333333335
2026-06-23,uzb,0,2,0,9
2026-06-24,aus,0,1,0,11
2026-06-24,can,0,1,0,1
2026-06-24,gbr,0,3,0,1
2026-06-24,hun,0,2,0,10
2026-06-24,ita,0,1,0,11
2026-06-24,nld,0,1,0,1
2026-06-24,rus,0,3,0,8
2026-06-24,usa,0,1,0,2
2026-06-25,blr,0,1,0,11
2026-06-25,gbr,0,1,0,56
2026-06-25,rus,0,2,0,53.5
2026-06-25,usa,0,3,0,37
2026-06-26,deu,0,1,0,7
2026-06-26,rus,0,2,0,6
2026-06-26,usa,0,2,0,2.5
2026-06-27,chn,0,1,0,6
2026-06-27,kaz,0,1,0,11
2026-06-27,rus,0,1,0,81
2026-06-27,ukr,0,1,0,54
2026-06-27,usa,0,1,0,8
2026-06-28,ukr,0,1,0,7
2026-06-28,uzb,0,1,0,8
2026-06-29,rus,0,1,0,28
2026-06-29,usa,0,1,0,74
2026-06-30,rus,0,4,0,21
2026-06-30,ukr,0,4,0,71.25
2026-06-30,usa,0,1,0,5
2026-07-01,rus,0,1,0,6
2026-07-01,ukr,0,5,0,80.2
2026-07-01,usa,0,1,0,7
2026-07-01,uzb,0,5,0,13.2
2026-07-02,kaz,0,2,0,12
2026-07-02,ukr,0,2,0,84
2026-07-02,usa,0,1,0,29
2026-07-02,uzb,0,9,0,5.888888888888889
2026-07-03,blr,0,1,0,62
2026-07-03,kaz,0,3,0,45.666666666666664
2026-07-03,ukr,0,1,0,81
2026-07-03,uzb,0,5,0,6.6
2026-07-04,rus,0,4,0,28.75
2026-07-04,ukr,0,2,0,85.5
2026-07-05,deu,0,1,0,9
2026-07-05,kaz,0,1,0,7
2026-07-05,mys,0,1,0,8
2026-07-05,nld,0,3,0,7
2026-07-05,rus,0,15,0,28.066666666666666
2026-07-05,ukr,0,2,0,62.5
2026-07-05,uzb,0,5,0,10.8
2026-07-06,rus,0,1,0,11
2026-07-06,ukr,0,2,0,84
2026-07-06,usa,0,1,0,5
2026-07-06,uzb,0,4,0,7
2026-07-07,blr,0,1,0,11
2026-07-07,esp,0,1,0,4
2026-07-07,nld,0,1,0,2
2026-07-07,rus,0,1,0,10
2026-07-07,tjk,0,1,0,11
2026-07-07,ukr,0,7,0,68.85714285714286
2026-07-08,deu,0,1,0,6
2026-07-08,kaz,0,1,0,8
2026-07-08,nld,0,1,0,11
2026-07-08,rus,0,2,0,42
2026-07-08,ukr,0,3,0,68.33333333333333
2026-07-08,usa,0,1,0,9
2026-07-08,uzb,0,6,0,8.5
2026-07-08,zzz,0,1,0,3
2026-07-09,rus,0,1,0,7
2026-07-09,ukr,0,11,0,59.72727272727273
2026-07-09,usa,0,1,0,11
2026-07-10,blr,0,1,0,35
2026-07-10,fin,0,1,0,2
2026-07-10,nld,0,1,0,1
2026-07-10,rus,0,3,0,21.333333333333332
2026-07-10,ukr,0,6,0,57
2026-07-10,uzb,0,11,0,8.636363636363637
2026-07-11,nld,0,2,0,85.5
2026-07-11,ukr,0,4,0,65
2026-07-11,uzb,0,10,0,17.4
2026-07-12,arg,0,1,0,21
2026-07-12,bra,0,2,0,25.5
2026-07-12,can,0,2,0,6
2026-07-12,deu,0,4,0,18
2026-07-12,fra,0,1,0,5
2026-07-12,mex,0,2,0,39.5
2026-07-12,nld,0,1,0,9
2026-07-12,rus,0,2,0,17.5
2026-07-12,ukr,0,6,0,58.5
2026-07-12,usa,0,7,0,45.285714285714285
2026-07-13,deu,0,4,0,1
2026-07-13,gbr,0,5,0,3.4
2026-07-13,ita,0,1,0,1
2026-07-13,mys,0,1,0,5
2026-07-13,nld,0,6,0,1.6666666666666665
2026-07-13,rou,0,1,0,1
2026-07-13,rus,0,3,0,4
2026-07-13,ukr,0,11,0,54.36363636363637
2026-07-14,bel,0,1,0,11
2026-07-14,deu,0,1,0,1
2026-07-14,irn,0,1,0,9
2026-07-14,mda,0,1,0,10
2026-07-14,mne,0,1,0,9
2026-07-14,swe,0,1,0,12
2026-07-14,ukr,0,4,0,44
2026-07-14,usa,0,2,0,6.5
2026-07-14,uzb,0,25,0,11.96
2026-07-15,blr,0,2,0,20
2026-07-15,fin,0,1,0,1
2026-07-15,kaz,0,2,0,4.5
2026-07-15,nld,0,2,0,9
2026-07-15,phl,0,1,0,1
2026-07-15,rus,0,7,0,9.571428571428571
2026-07-15,ukr,0,9,0,54.666666666666664
2026-07-15,usa,0,2,0,1
2026-07-16,can,0,3,0,11
2026-07-16,deu,0,3,0,8
2026-07-16,gbr,0,1,0,7
2026-07-16,lby,0,1,0,11
2026-07-16,nld,0,1,0,7
2026-07-16,rus,0,10,0,13.3
2026-07-16,ukr,0,12,0,45.75
2026-07-16,usa,0,1,0,10
2026-07-16,uzb,0,15,0,11.533333333333333
2026-07-17,chl,0,1,0,21
2026-07-17,deu,0,1,0,3
2026-07-17,dnk,0,2,0,8
2026-07-17,est,0,1,0,10
2026-07-17,geo,0,1,0,7
2026-07-17,kaz,0,2,0,5.5
2026-07-17,rus,0,9,0,8.11111111111111
2026-07-17,tur,0,1,0,8
2026-07-17,ukr,0,5,0,66
2026-07-17,usa,0,1,0,6
2026-07-17,uzb,0,15,0,17
2026-07-18,blr,0,1,0,20
2026-07-18,est,0,1,0,5
2026-07-18,gbr,0,1,0,5
2026-07-18,isr,0,1,0,15
2026-07-18,rus,0,7,0,41.42857142857143
2026-07-18,ukr,0,3,0,56.333333333333336
2026-07-18,usa,0,1,0,10
2026-07-18,uzb,0,11,0,15.818181818181818
2026-07-19,bra,0,1,0,203
2026-07-19,deu,0,1,0,8
2026-07-19,rus,0,21,0,62.714285714285715
2026-07-19,tur,0,1,0,9
2026-07-19,ukr,0,5,0,71.4
2026-07-19,usa,0,1,0,8
2026-07-19,uzb,0,13,0,19.384615384615383
2026-07-20,kaz,0,1,0,6
2026-07-20,kgz,0,2,0,10
2026-07-20,nld,0,2,0,31
2026-07-20,prt,0,1,0,9
2026-07-20,rus,0,12,0,50.5
2026-07-20,tkm,0,1,0,11
2026-07-20,ukr,0,8,0,53
2026-07-20,uzb,0,11,0,22.272727272727273
2026-07-21,blr,0,1,0,5
2026-07-21,dza,0,1,0,11
2026-07-21,kaz,0,2,0,10.5
2026-07-21,nld,0,1,0,19
2026-07-21,rus,0,16,0,43.625
2026-07-21,ukr,0,14,0,50.357142857142854
2026-07-22,blr,0,2,0,5
2026-07-22,che,0,1,0,10
2026-07-22,chn,0,1,0,3
2026-07-22,deu,0,1,0,6
2026-07-22,rus,0,17,0,49.23529411764706
2026-07-22,ukr,0,7,0,64.28571428571428
2026-07-22,usa,0,3,0,5.666666666666667
2026-07-23,blr,0,1,0,10
2026-07-23,isr,0,1,0,6
2026-07-23,mda,0,1,0,10
2026-07-23,nld,0,1,0,44
2026-07-23,rus,0,11,0,19.545454545454547
2026-07-23,ukr,0,4,0,64.25
2026-07-23,usa,0,1,0,4
2026-07-23,uzb,0,16,0,50.625
2026-07-23,vnm,0,1,0,42
2026-07-24,kaz,0,1,0,4
2026-07-24,rus,0,26,0,25.115384615384617
2026-07-24,sau,0,1,0,2
2026-07-24,tur,0,1,0,16
2026-07-24,ukr,0,10,0,35
2026-07-24,usa,0,1,0,5
2026-07-24,uzb,0,12,0,35.25
2026-07-24,vnm,0,1,0,11
2026-07-25,isr,0,1,0,8
2026-07-25,lva,0,1,0,4
2026-07-25,mda,0,1,0,6
2026-07-25,rus,0,13,0,46.84615384615385
2026-07-25,ukr,0,2,0,36
2026-07-25,usa,0,1,0,11
2026-07-25,uzb,0,12,0,36.666666666666664
2026-07-26,deu,0,1,0,10
2026-07-26,kgz,0,1,0,5
2026-07-26,tur,0,3,0,8
2026-07-26,ukr,0,3,0,66
2026-07-26,usa,0,4,0,6.5
2026-07-27,blr,0,2,0,8.5
2026-07-27,gbr,0,1,0,2
2026-07-27,idn,0,1,0,91
2026-07-27,isr,0,1,0,66
2026-07-27,kaz,0,2,0,5.5
2026-07-27,nor,0,1,0,6
2026-07-27,rus,0,8,0,33.5
2026-07-27,ukr,0,5,0,49.6
2026-07-27,uzb,0,26,0,46.53846153846154
2026-07-28,blr,0,1,0,6
2026-07-28,cyp,0,1,0,11
2026-07-28,geo,0,1,0,11
2026-07-28,irl,0,1,0,7
2026-07-28,kaz,0,1,0,11
2026-07-28,kgz,0,1,0,10
2026-07-28,ltu,0,1,0,8
2026-07-28,nld,0,4,0,22.75
2026-07-28,pol,0,1,0,4
2026-07-28,rus,0,22,0,51.72727272727273
2026-07-28,ukr,0,10,0,35.1
2026-07-28,usa,0,3,0,5
2026-07-29,fra,0,1,0,8
2026-07-29,geo,0,1,0,6
2026-07-29,hkg,0,1,0,76
2026-07-29,ind,0,1,0,46
2026-07-29,isr,0,1,0,7
2026-07-29,mda,0,1,0,1
2026-07-29,nld,0,3,0,7.333333333333333
2026-07-29,pol,0,1,0,10
2026-07-29,rus,0,37,0,55.62162162162162
2026-07-29,tur,0,1,0,96
2026-07-29,ukr,0,7,0,17.571428571428573
2026-07-29,usa,0,1,0,1
2026-07-29,yem,0,1,0,9
2026-07-30,blr,0,1,0,2
2026-07-30,fin,0,1,0,3
2026-07-30,geo,0,1,0,6
2026-07-30,ind,0,2,0,40
2026-07-30,isr,0,2,0,8
2026-07-30,kaz,0,4,0,32.25
2026-07-30,mar,0,1,0,93
2026-07-30,nld,0,1,0,6
2026-07-30,phl,0,1,0,10
2026-07-30,prt,0,1,0,10
2026-07-30,tkm,0,1,0,8
2026-07-30,ukr,0,8,0,43
2026-07-31,are,0,1,0,7
2026-07-31,arg,0,1,0,73
2026-07-31,aze,0,1,0,50
2026-07-31,blr,0,2,0,9
2026-07-31,deu,0,1,0,7
2026-07-31,ecu,0,1,0,96
2026-07-31,ind,0,1,0,97
2026-07-31,isr,0,1,0,9
2026-07-31,jpn,0,1,0,9
2026-07-31,kwt,0,1,0,7
2026-07-31,mda,0,1,0,10
2026-07-31,nld,0,3,0,5.333333333333333
2026-07-31,rus,0,14,0,28.214285714285715
2026-07-31,tur,0,1,0,10
2026-07-31,ukr,0,38,0,51.6578947368421
2026-07-31,usa,0,3,0,2.666666666666667
2026-07-31,uzb,0,43,0,31.209302325581394
2026-08-01,aze,0,1,0,6
2026-08-01,blr,0,3,0,8
2026-08-01,bra,0,1,0,7
2026-08-01,cze,0,1,0,5
2026-08-01,deu,0,3,0,5.333333333333333
2026-08-01,dza,0,1,0,97
2026-08-01,gbr,0,3,0,4.333333333333334
2026-08-01,kaz,0,1,0,2
2026-08-01,kgz,0,1,0,7
2026-08-01,lva,0,1,0,11
2026-08-01,nld,0,2,0,3.5
2026-08-01,pol,0,1,0,4
2026-08-01,rus,0,33,0,61.45454545454545
2026-08-01,swe,0,1,0,11
2026-08-01,tjk,0,1,0,9
2026-08-01,ukr,0,4,0,36.25
2026-08-01,usa,0,1,0,6
2026-08-01,uzb,0,45,0,13.6
2026-08-02,arg,0,1,0,96
2026-08-02,aze,0,4,0,8.5
2026-08-02,bgd,0,1,0,31
2026-08-02,blr,0,2,0,4.5
2026-08-02,deu,0,1,0,6
2026-08-02,esp,0,1,0,75
2026-08-02,est,0,1,0,58
2026-08-02,hkg,0,1,0,10
2026-08-02,kaz,0,1,0,10
2026-08-02,kgz,0,2,0,10
2026-08-02,kor,0,2,0,3
2026-08-02,nor,0,1,0,47
2026-08-02,phl,0,1,0,100
2026-08-02,rus,0,48,0,41.625
2026-08-02,syc,0,1,0,10
2026-08-02,ukr,0,23,0,77.52173913043478
2026-08-03,blr,0,1,0,7
2026-08-03,cri,0,1,0,95
2026-08-03,cze,0,2,0,73
2026-08-03,deu,0,1,0,10
2026-08-03,egy,0,1,0,76
2026-08-03,gbr,0,1,0,9
2026-08-03,ind,0,1,0,96
2026-08-03,kaz,0,5,0,5.4
2026-08-03,lva,0,2,0,84
2026-08-03,nld,0,1,0,9
2026-08-03,sgp,0,1,0,8
2026-08-03,tha,0,2,0,23
2026-08-03,tjk,0,1,0,10
2026-08-03,ukr,0,12,0,52
2026-08-03,usa,0,3,0,6.666666666666667
2026-08-04,alb,0,1,0,12
2026-08-04,aus,0,1,0,62
2026-08-04,bgd,0,1,0,76
2026-08-04,blr,0,1,0,6
2026-08-04,cze,0,6,0,74
2026-08-04,deu,0,2,0,4.5
2026-08-04,est,0,2,0,8.5
2026-08-04,gbr,0,1,0,87
2026-08-04,geo,0,2,0,78
2026-08-04,idn,0,2,0,1
2026-08-04,ind,0,1,0,46
2026-08-04,isr,0,1,0,90
2026-08-04,ita,0,1,0,2
2026-08-04,kaz,0,7,0,27.285714285714285
2026-08-04,kgz,0,1,0,2
2026-08-04,lva,0,4,0,73
2026-08-04,nld,0,1,0,62
2026-08-04,pak,0,1,0,98
2026-08-04,rus,0,41,0,57.292682926829265
2026-08-04,ukr,0,5,0,40.6
2026-08-04,usa,0,2,0,52.5
2026-08-05,blr,0,5,0,56.2
2026-08-05,bra,0,1,0,95
2026-08-05,cyp,0,1,0,66
2026-08-05,cze,0,8,0,81.75
2026-08-05,deu,0,2,0,75
2026-08-05,est,0,1,0,66
2026-08-05,fra,0,1,0,8
2026-08-05,gbr,0,2,0,85.5
2026-08-05,grl,0,1,0,24
2026-08-05,ita,0,1,0,66
2026-08-05,kaz,0,1,0,7
2026-08-05,lva,0,7,0,69
2026-08-05,nld,0,2,0,6.5
2026-08-05,pak,0,1,0,76
2026-08-05,tjk,0,2,0,10
2026-08-05,ukr,0,9,0,38.666666666666664
2026-08-05,usa,0,4,0,23
2026-08-06,are,0,6,0,85
2026-08-06,blr,0,2,0,16
2026-08-06,cyp,0,1,0,70
2026-08-06,cze,0,10,0,75.9
2026-08-06,deu,0,9,0,64.44444444444444
2026-08-06,esp,0,3,0,80
2026-08-06,est,0,1,0,65
2026-08-06,fra,0,3,0,74
2026-08-06,gbr,0,14,0,79.64285714285714
2026-08-06,idn,0,8,0,74.875
2026-08-06,isr,0,1,0,10
2026-08-06,kaz,0,4,0,5.5
2026-08-06,kgz,0,2,0,8
2026-08-06,lva,0,6,0,70.16666666666667
2026-08-06,mda,0,3,0,76.33333333333333
2026-08-06,nld,0,2,0,5
2026-08-06,phl,0,1,0,8
2026-08-06,pol,0,6,0,70.83333333333333
2026-08-06,tha,0,4,0,73.75
2026-08-06,tjk,0,1,0,6
2026-08-06,tkm,0,1,0,1
2026-08-06,tur,0,10,0,72.8
2026-08-06,ukr,0,20,0,28.15
2026-08-06,usa,0,8,0,46.75
2026-08-06,vnm,0,7,0,78
2026-08-07,aus,0,3,0,75.33333333333333
2026-08-07,bel,0,1,0,10
2026-08-07,blr,0,2,0,6
2026-08-07,cyp,0,1,0,10
2026-08-07,cze,0,7,0,76.42857142857143
2026-08-07,deu,0,2,0,34.5
2026-08-07,est,0,1,0,66
2026-08-07,gbr,0,4,0,70.5
2026-08-07,ind,0,1,0,75
2026-08-07,isr,0,1,0,20
2026-08-07,kaz,0,4,0,8.25
2026-08-07,kgz,0,2,0,7.5
2026-08-07,lva,0,7,0,68
2026-08-07,mda,0,1,0,84
2026-08-07,nld,0,1,0,64
2026-08-07,sau,0,1,0,7
2026-08-07,slv,0,1,0,24
2026-08-07,tkm,0,2,0,5.5
2026-08-07,tur,0,1,0,95
2026-08-07,ukr,0,3,0,37.333333333333336
2026-08-07,usa,0,1,0,78
2026-08-08,are,0,1,0,3
2026-08-08,blr,0,3,0,5.333333333333333
2026-08-08,cze,0,4,0,61.5
2026-08-08,deu,0,2,0,6.5
2026-08-08,egy,0,1,0,73
2026-08-08,esp,0,1,0,97
2026-08-08,est,0,1,0,58
2026-08-08,gbr,0,2,0,38.5
2026-08-08,geo,0,1,0,6
2026-08-08,hun,0,1,0,9
2026-08-08,isr,0,2,0,25.5
2026-08-08,kaz,0,1,0,9
2026-08-08,kgz,0,3,0,8.666666666666668
2026-08-08,ltu,0,1,0,67
2026-08-08,lva,0,9,0,61.666666666666664
2026-08-08,mda,0,1,0,6
2026-08-08,nld,0,1,0,9
2026-08-08,pol,0,1,0,1
2026-08-08,tjk,0,2,0,10
2026-08-08,ukr,0,1,0,2
2026-08-08,zzz,0,4,0,9.5
2026-08-09,bra,0,1,0,47
2026-08-09,cze,0,4,0,78.5
2026-08-09,deu,0,2,0,7.5
2026-08-09,egy,0,1,0,92
2026-08-09,est,0,1,0,61
2026-08-09,gbr,0,1,0,5
2026-08-09,irn,0,1,0,8
2026-08-09,isr,0,3,0,18.666666666666668
2026-08-09,kaz,0,5,0,23.8
2026-08-09,kgz,0,3,0,5.333333333333333
2026-08-09,ltu,0,1,0,76
2026-08-09,lva,0,6,0,77.5
2026-08-09,mar,0,1,0,94
2026-08-09,nld,0,1,0,10
2026-08-09,pak,0,1,0,73
2026-08-09,svn,0,1,0,86
2026-08-09,ukr,0,10,0,49.8
2026-08-09,usa,0,2,0,11.5
2026-08-09,vnm,0,1,0,8
2026-08-10,aze,0,1,0,9
2026-08-10,bgd,0,1,0,97
2026-08-10,blr,0,1,0,5
2026-08-10,can,0,1,0,9
2026-08-10,cze,0,2,0,79.5
2026-08-10,deu,0,2,0,36.5
2026-08-10,idn,0,1,0,16
2026-08-10,irn,0,1,0,5
2026-08-10,isr,0,3,0,19
2026-08-10,kaz,0,5,0,37.4
2026-08-10,kgz,0,1,0,11
2026-08-10,kor,0,1,0,4
2026-08-10,lva,0,5,0,58.4
2026-08-10,mda,0,2,0,77.5
2026-08-10,nld,0,3,0,4.333333333333334
2026-08-10,pak,0,1,0,72
2026-08-10,phl,0,1,0,38
2026-08-10,pol,0,1,0,1
2026-08-10,rus,0,42,0,30.38095238095238
2026-08-10,tjk,0,2,0,7
2026-08-10,tkm,0,1,0,5
2026-08-10,tur,0,1,0,8
2026-08-10,ukr,0,6,0,53.166666666666664
2026-08-10,usa,0,3,0,7.333333333333333
2026-08-10,zzz,0,2,0,9
2026-08-11,are,0,1,0,3
2026-08-11,bgr,0,1,0,10
2026-08-11,blr,0,5,0,6.8
2026-08-11,bra,0,1,0,71
2026-08-11,cze,0,1,0,79
2026-08-11,deu,0,1,0,1
2026-08-11,egy,0,1,0,10
2026-08-11,fin,0,1,0,2
2026-08-11,gbr,0,2,0,4
2026-08-11,geo,0,1,0,1
2026-08-11,hkg,0,1,0,10
2026-08-11,idn,0,1,0,49
2026-08-11,ind,0,2,0,49
2026-08-11,isr,0,2,0,12.5
2026-08-11,kaz,0,4,0,10.25
2026-08-11,kgz,0,3,0,24.333333333333332
2026-08-11,kor,0,1,0,3
2026-08-11,lva,0,4,0,57.5
2026-08-11,nld,0,2,0,8.5
2026-08-11,rus,0,37,0,13.621621621621621
2026-08-11,tjk,0,1,0,9
2026-08-11,ukr,0,21,0,51.57142857142857
2026-08-11,usa,0,1,0,5
2026-08-12,are,0,1,0,7
2026-08-12,arm,0,1,0,11
2026-08-12,aut,0,2,0,20.5
2026-08-12,bgd,0,1,0,38
2026-08-12,blr,0,1,0,6
2026-08-12,cze,0,2,0,5
2026-08-12,deu,0,1,0,9
2026-08-12,gbr,0,3,0,27
2026-08-12,hnd,0,1,0,87
2026-08-12,isr,0,2,0,13.5
2026-08-12,kaz,0,5,0,20.8
2026-08-12,kgz,0,2,0,8
2026-08-12,lva,0,1,0,69
2026-08-12,mda,0,1,0,6
2026-08-12,nld,0,2,0,8
2026-08-12,pak,0,1,0,70
2026-08-12,rus,0,38,0,19.55263157894737
2026-08-12,sgp,0,1,0,8
2026-08-12,tur,0,1,0,10
2026-08-12,ukr,0,7,0,43.857142857142854
2026-08-12,usa,0,4,0,5.25
2026-08-13,are,0,3,0,32.33333333333333
2026-08-13,aze,0,2,0,7.5
2026-08-13,blr,0,5,0,11
2026-08-13,chn,0,1,0,5
2026-08-13,cyp,0,1,0,8
2026-08-13,cze,0,1,0,84
2026-08-13,deu,0,2,0,74
2026-08-13,egy,0,1,0,9
2026-08-13,fra,0,2,0,84.5
2026-08-13,gbr,0,6,0,69.5
2026-08-13,geo,0,2,0,8.5
2026-08-13,hkg,0,1,0,8
2026-08-13,idn,0,1,0,82
2026-08-13,ind,0,1,0,48
2026-08-13,isr,0,1,0,21
2026-08-13,ita,0,2,0,1.5
2026-08-13,kaz,0,3,0,44.333333333333336
2026-08-13,kor,0,1,0,6
2026-08-13,lva,0,3,0,31.333333333333332
2026-08-13,mne,0,1,0,9
2026-08-13,nld,0,1,0,9
2026-08-13,pol,0,1,0,3
2026-08-13,rou,0,1,0,84
2026-08-13,rus,0,46,0,17.304347826086957
2026-08-13,svn,0,1,0,1
2026-08-13,syr,0,1,0,8
2026-08-13,tjk,0,2,0,6
2026-08-13,tur,0,3,0,29.333333333333332
2026-08-13,ukr,0,15,0,32.266666666666666
2026-08-13,usa,0,2,0,5
2026-08-14,aze,0,2,0,6.5
2026-08-14,blr,0,1,0,6
2026-08-14,can,0,1,0,7
2026-08-14,chl,0,1,0,68
2026-08-14,cyp,0,1,0,10
2026-08-14,cze,0,4,0,77.25
2026-08-14,deu,0,6,0,6.166666666666667
2026-08-14,egy,0,1,0,67
2026-08-14,esp,0,1,0,11
2026-08-14,fra,0,2,0,8
2026-08-14,gbr,0,2,0,7
2026-08-14,hrv,0,1,0,5
2026-08-14,idn,0,1,0,2
2026-08-14,ind,0,2,0,72.5
2026-08-14,irn,0,1,0,8
2026-08-14,irq,0,1,0,8
2026-08-14,isr,0,1,0,22
2026-08-14,kgz,0,2,0,9
2026-08-14,lva,0,1,0,76
2026-08-14,mda,0,2,0,4
2026-08-14,nld,0,1,0,9
2026-08-14,phl,0,1,0,51
2026-08-14,pol,0,2,0,16.5
2026-08-14,prt,0,1,0,12
2026-08-14,rou,0,1,0,11
2026-08-14,srb,0,1,0,1
2026-08-14,ukr,0,16,0,31
2026-08-14,usa,0,6,0,18.833333333333332
2026-08-15,arm,0,1,0,10
2026-08-15,bel,0,1,0,65
2026-08-15,bgr,0,3,0,9.666666666666666
2026-08-15,cze,0,7,0,50.857142857142854
2026-08-15,ecu,0,1,0,86
2026-08-15,egy,0,1,0,7
2026-08-15,gbr,0,3,0,69
2026-08-15,hkg,0,1,0,6
2026-08-15,idn,0,1,0,5
2026-08-15,ind,0,2,0,9
2026-08-15,isr,0,1,0,20
2026-08-15,kaz,0,6,0,5.833333333333333
2026-08-15,kgz,0,5,0,6.2
2026-08-15,lva,0,2,0,60
2026-08-15,mda,0,1,0,7
2026-08-15,nld,0,2,0,3
2026-08-15,pol,0,2,0,56.5
2026-08-15,tur,0,3,0,26
2026-08-15,ukr,0,21,0,66.76190476190476
2026-08-15,usa,0,1,0,7
2026-08-16,aze,0,2,0,10
2026-08-16,bgr,0,1,0,6
2026-08-16,can,0,1,0,4
2026-08-16,cze,0,4,0,71
2026-08-16,deu,0,2,0,6
2026-08-16,dza,0,1,0,56
2026-08-16,egy,0,1,0,6
2026-08-16,esp,0,2,0,24.5
2026-08-16,fin,0,1,0,13
2026-08-16,gbr,0,4,0,39.75
2026-08-16,hkg,0,1,0,67
2026-08-16,idn,0,1,0,56
2026-08-16,ind,0,1,0,74
2026-08-16,isr,0,1,0,52
2026-08-16,kaz,0,4,0,24.5
2026-08-16,kgz,0,1,0,8
2026-08-16,lva,0,1,0,65
2026-08-16,nld,0,4,0,8.25
2026-08-16,phl,0,1,0,68
2026-08-16,pol,0,1,0,8
2026-08-16,srb,0,2,0,6.5
2026-08-16,tkm,0,1,0,11
2026-08-16,tur,0,1,0,96
2026-08-16,ukr,0,66,0,61.40909090909091
2026-08-16,usa,0,6,0,8.5
2026-08-16,ven,0,1,0,56
2026-08-16,vnm,0,1,0,66
2026-08-17,atg,0,2,0,4.5
2026-08-17,aut,0,1,0,7
2026-08-17,bgr,0,1,0,7
2026-08-17,blr,0,6,0,17.166666666666668
2026-08-17,bol,0,2,0,42
2026-08-17,cze,0,4,0,68.5
2026-08-17,deu,0,3,0,6.333333333333333
2026-08-17,egy,0,1,0,1
2026-08-17,esp,0,1,0,2
2026-08-17,fra,0,1,0,37
2026-08-17,gbr,0,3,0,47
2026-08-17,grc,0,5,0,8.8
2026-08-17,hun,0,1,0,24
2026-08-17,irn,0,1,0,7
2026-08-17,kaz,0,8,0,14.25
2026-08-17,kgz,0,2,0,9
2026-08-17,kor,0,1,0,2
2026-08-17,lka,0,1,0,11
2026-08-17,lva,0,2,0,35.5
2026-08-17,mda,0,3,0,7.666666666666667
2026-08-17,mex,0,1,0,6
2026-08-17,nld,0,4,0,5
2026-08-17,nor,0,1,0,10
2026-08-17,pol,0,1,0,3
2026-08-17,rou,0,1,0,54
2026-08-17,rus,0,99,0,38.323232323232325
2026-08-17,srb,0,1,0,47
2026-08-17,tjk,0,3,0,8.666666666666668
2026-08-17,tur,0,1,0,10
2026-08-17,ukr,0,151,0,62.76158940397351
2026-08-17,usa,0,7,0,7.714285714285714
2026-08-18,are,0,2,0,7
2026-08-18,arm,0,1,0,7
2026-08-18,aus,0,1,0,5
2026-08-18,aut,0,1,0,11
2026-08-18,bel,0,1,0,9
2026-08-18,bgr,0,2,0,69
2026-08-18,blr,0,5,0,6.2
2026-08-18,bra,0,1,0,46
2026-08-18,chn,0,2,0,26.5
2026-08-18,col,0,1,0,7
2026-08-18,cyp,0,1,0,5
2026-08-18,cze,0,4,0,67.25
2026-08-18,deu,0,5,0,6
2026-08-18,dnk,0,1,0,7
2026-08-18,egy,0,1,0,1
2026-08-18,esp,0,2,0,9.5
2026-08-18,est,0,1,0,8
2026-08-18,fin,0,4,0,4
2026-08-18,fra,0,1,0,91
2026-08-18,gbr,0,7,0,31
2026-08-18,geo,0,1,0,7
2026-08-18,idn,0,1,0,56
2026-08-18,irl,0,2,0,11
2026-08-18,irn,0,1,0,7
2026-08-18,jpn,0,1,0,65
2026-08-18,kaz,0,5,0,8.2
2026-08-18,ken,0,1,0,79
2026-08-18,kgz,0,3,0,30.666666666666668
2026-08-18,mda,0,3,0,5.333333333333333
2026-08-18,nld,0,7,0,7.428571428571429
2026-08-18,pol,0,1,0,8
2026-08-18,svk,0,1,0,4
2026-08-18,tkm,0,1,0,8
2026-08-18,tur,0,2,0,43.5
2026-08-18,ukr,0,46,0,57.28260869565217
2026-08-18,usa,0,6,0,8.166666666666668
2026-08-18,vnm,0,1,0,57
2026-08-19,bgr,0,1,0,86
2026-08-19,blr,0,4,0,9
2026-08-19,bra,0,1,0,9
2026-08-19,cze,0,4,0,64.5
2026-08-19,deu,0,2,0,6.5
2026-08-19,dom,0,1,0,8
2026-08-19,fra,0,1,0,64
2026-08-19,gbr,0,9,0,22.11111111111111
2026-08-19,hrv,0,1,0,7
2026-08-19,idn,0,1,0,77
2026-08-19,ind,0,1,0,79
2026-08-19,irl,0,1,0,11
2026-08-19,irn,0,2,0,9.5
2026-08-19,isr,0,1,0,1
2026-08-19,kaz,0,4,0,8
2026-08-19,ken,0,1,0,11
2026-08-19,kgz,0,3,0,6.333333333333333
2026-08-19,kor,0,1,0,9
2026-08-19,lva,0,2,0,30.5
2026-08-19,mda,0,1,0,9
2026-08-19,nld,0,3,0,5.666666666666667
2026-08-19,pol,0,2,0,8
2026-08-19,rus,0,74,0,27.45945945945946
2026-08-19,srb,0,1,0,9
2026-08-19,tjk,0,1,0,6
2026-08-19,tkm,0,1,0,10
2026-08-19,tur,0,4,0,67.75
2026-08-19,usa,0,5,0,6.8
2026-08-19,vnm,0,1,0,17
2026-08-19,zzz,0,1,0,6
2026-08-20,are,0,2,0,82.5
2026-08-20,aze,0,1,0,6
2026-08-20,blr,0,11,0,19.363636363636363
2026-08-20,can,0,2,0,9.5
2026-08-20,cyp,0,2,0,7
2026-08-20,cze,0,4,0,60.25
2026-08-20,deu,0,3,0,27
2026-08-20,egy,0,1,0,10
2026-08-20,fra,0,1,0,20
2026-08-20,idn,0,1,0,80
2026-08-20,ind,0,3,0,84.66666666666667
2026-08-20,irn,0,2,0,7
2026-08-20,jpn,0,1,0,1
2026-08-20,kaz,0,7,0,6.857142857142857
2026-08-20,kgz,0,1,0,5
2026-08-20,lva,0,1,0,58
2026-08-20,mda,0,1,0,9
2026-08-20,mex,0,1,0,5
2026-08-20,nld,0,2,0,6
2026-08-20,nor,0,1,0,5
2026-08-20,phl,0,1,0,55
2026-08-20,pol,0,1,0,11
2026-08-20,tha,0,1,0,93
2026-08-20,tur,0,5,0,19.6
2026-08-20,usa,0,5,0,18.8
2026-08-21,bel,0,1,0,9
2026-08-21,blr,0,5,0,4.6
2026-08-21,bra,0,1,0,38
2026-08-21,can,0,1,0,10
2026-08-21,cri,0,1,0,6
2026-08-21,cze,0,5,0,45.4
2026-08-21,deu,0,2,0,64
2026-08-21,esp,0,1,0,11
2026-08-21,fra,0,2,0,6
2026-08-21,gbr,0,2,0,42
2026-08-21,hkg,0,1,0,7
2026-08-21,idn,0,1,0,85
2026-08-21,ind,0,1,0,67
2026-08-21,isr,0,2,0,8
2026-08-21,ita,0,1,0,10
2026-08-21,jor,0,1,0,72
2026-08-21,kaz,0,10,0,6
2026-08-21,kgz,0,3,0,9.333333333333334
2026-08-21,kor,0,1,0,7
2026-08-21,lva,0,2,0,44
2026-08-21,mda,0,1,0,2
2026-08-21,mne,0,1,0,9
2026-08-21,nld,0,3,0,2.666666666666667
2026-08-21,pol,0,1,0,9
2026-08-21,rou,0,1,0,6
2026-08-21,rus,0,120,0,21.083333333333332
2026-08-21,srb,0,2,0,4.5
2026-08-21,tha,0,1,0,10
2026-08-21,tjk,0,1,0,2
2026-08-21,tkm,0,1,0,2
2026-08-21,tur,0,5,0,35.6
2026-08-21,ukr,0,33,0,50.72727272727273
2026-08-21,usa,0,10,0,10.7
2026-08-21,zaf,0,1,0,26
2026-08-22,aut,0,1,0,8
2026-08-22,aze,0,1,0,10
2026-08-22,bgr,0,1,0,8
2026-08-22,blr,0,11,0,5.909090909090909
2026-08-22,bra,0,1,0,73
2026-08-22,can,0,1,0,7
2026-08-22,che,0,1,0,7
2026-08-22,chl,0,2,0,30
2026-08-22,cyp,0,2,0,32.5
2026-08-22,cze,0,7,0,51.142857142857146
2026-08-22,est,0,1,0,45
2026-08-22,fin,0,1,0,10
2026-08-22,gbr,0,6,0,48.166666666666664
2026-08-22,hrv,0,1,0,8
2026-08-22,idn,0,1,0,2
2026-08-22,irn,0,3,0,4
2026-08-22,isr,0,1,0,6
2026-08-22,ita,0,1,0,7
2026-08-22,jpn,0,2,0,9.5
2026-08-22,kaz,0,3,0,17
2026-08-22,ken,0,1,0,9
2026-08-22,kgz,0,4,0,6.75
2026-08-22,kor,0,1,0,8
2026-08-22,lva,0,9,0,50.111111111111114
2026-08-22,mda,0,2,0,7.5
2026-08-22,mex,0,1,0,7
2026-08-22,mng,0,1,0,5
2026-08-22,nld,0,2,0,7
2026-08-22,rou,0,1,0,5
2026-08-22,tha,0,1,0,67
2026-08-22,tjk,0,4,0,6
2026-08-22,tur,0,8,0,24.625
2026-08-22,ukr,0,38,0,51
2026-08-22,usa,0,4,0,10
2026-08-23,are,0,2,0,6.5
2026-08-23,aze,0,3,0,8.666666666666668
2026-08-23,bgr,0,1,0,9
2026-08-23,bhr,0,1,0,57
2026-08-23,blr,0,4,0,11.75
2026-08-23,cyp,0,1,0,57
2026-08-23,cze,0,7,0,60.57142857142857
2026-08-23,deu,0,8,0,7.25
2026-08-23,dza,0,1,0,29
2026-08-23,esp,0,1,0,4
2026-08-23,est,0,1,0,44
2026-08-23,fin,0,1,0,11
2026-08-23,fra,0,1,0,5
2026-08-23,gbr,0,12,0,37.75
2026-08-23,ind,0,1,0,69
2026-08-23,isl,0,1,0,7
2026-08-23,isr,0,5,0,39.2
2026-08-23,ita,0,1,0,60
2026-08-23,jam,0,1,0,9
2026-08-23,kaz,0,5,0,5.8
2026-08-23,kgz,0,7,0,7.428571428571429
2026-08-23,kor,0,1,0,6
2026-08-23,lva,0,11,0,45.18181818181818
2026-08-23,mda,0,2,0,54.5
2026-08-23,nld,0,6,0,9.166666666666666
2026-08-23,pak,0,1,0,56
2026-08-23,phl,0,2,0,41
2026-08-23,pol,0,1,0,8
2026-08-23,prt,0,1,0,8
2026-08-23,swe,0,2,0,8.5
2026-08-23,tha,0,1,0,1
2026-08-23,tjk,0,6,0,5.333333333333333
2026-08-23,tkm,0,1,0,9
2026-08-23,tur,0,5,0,59.8
2026-08-23,ukr,0,78,0,53.62820512820513
2026-08-23,ury,0,1,0,60
2026-08-23,usa,0,13,0,26.307692307692307
2026-08-24,afg,0,1,0,4
2026-08-24,are,0,4,0,6.75
2026-08-24,arm,0,1,0,3
2026-08-24,aze,0,1,0,11
2026-08-24,blr,0,18,0,13.444444444444445
2026-08-24,cyp,0,1,0,60
2026-08-24,cze,0,9,0,56.666666666666664
2026-08-24,deu,0,4,0,14.5
2026-08-24,esp,0,2,0,22
2026-08-24,est,0,2,0,45
2026-08-24,gbr,0,9,0,34.111111111111114
2026-08-24,geo,0,1,0,1
2026-08-24,grc,0,1,0,2
2026-08-24,idn,0,1,0,99
2026-08-24,ind,0,1,0,82
2026-08-24,isr,0,3,0,25.333333333333332
2026-08-24,jpn,0,4,0,24.25
2026-08-24,kaz,0,13,0,17.076923076923077
2026-08-24,kgz,0,5,0,8.2
2026-08-24,kor,0,2,0,9
2026-08-24,lva,0,7,0,44.57142857142857
2026-08-24,mar,0,1,0,68
2026-08-24,mda,0,12,0,56.583333333333336
2026-08-24,nld,0,9,0,13.88888888888889
2026-08-24,phl,0,2,0,47.5
2026-08-24,pol,0,1,0,2
2026-08-24,rou,0,1,0,7
2026-08-24,rus,0,128,0,23.21875
2026-08-24,swe,0,1,0,7
2026-08-24,tha,0,1,0,68
2026-08-24,tjk,0,4,0,6.25
2026-08-24,ukr,0,33,0,46.75757575757576
2026-08-24,ury,0,1,0,6
2026-08-24,usa,0,17,0,43.05882352941177
2026-08-25,are,0,5,0,7.8
2026-08-25,arm,0,2,0,52
2026-08-25,bel,0,1,0,6
2026-08-25,bgd,0,1,0,62
2026-08-25,bgr,0,1,0,5
2026-08-25,blr,0,10,0,12.6
2026-08-25,bra,0,1,0,6
2026-08-25,chn,0,1,0,4
2026-08-25,cyp,0,2,0,35
2026-08-25,cze,0,10,0,53.1
2026-08-25,deu,0,7,0,38.42857142857143
2026-08-25,dnk,0,1,0,1
2026-08-25,est,0,5,0,38.4
2026-08-25,fra,0,1,0,9
2026-08-25,gbr,0,9,0,38.333333333333336
2026-08-25,geo,0,2,0,39
2026-08-25,hrv,0,1,0,6
2026-08-25,hun,0,1,0,10
2026-08-25,idn,0,1,0,1
2026-08-25,ind,0,2,0,18.5
2026-08-25,ita,0,1,0,70
2026-08-25,jpn,0,2,0,36
2026-08-25,kaz,0,12,0,20.166666666666668
2026-08-25,kgz,0,6,0,16.333333333333336
2026-08-25,kor,0,9,0,7.444444444444445
2026-08-25,ltu,0,1,0,8
2026-08-25,lva,0,9,0,63.333333333333336
2026-08-25,mda,0,4,0,42
2026-08-25,mex,0,1,0,24
2026-08-25,mys,0,1,0,84
2026-08-25,nld,0,5,0,17.6
2026-08-25,pol,0,2,0,7
2026-08-25,rou,0,1,0,5
2026-08-25,sau,0,3,0,7.666666666666667
2026-08-25,tha,0,1,0,11
2026-08-25,tjk,0,2,0,5.5
2026-08-25,tur,0,6,0,45.333333333333336
2026-08-25,ukr,0,43,0,52.674418604651166
2026-08-25,usa,0,25,0,33.56
2026-08-25,vnm,0,2,0,7.5
2026-08-26,arm,0,1,0,8
2026-08-26,aze,0,2,0,9
2026-08-26,bel,0,1,0,11
2026-08-26,bgr,0,1,0,11
2026-08-26,blr,0,4,0,4
2026-08-26,cyp,0,1,0,61
2026-08-26,cze,0,15,0,56.666666666666664
2026-08-26,deu,0,10,0,11.2
2026-08-26,dza,0,1,0,52
2026-08-26,fin,0,1,0,8
2026-08-26,gbr,0,12,0,35.5
2026-08-26,geo,0,2,0,7.5
2026-08-26,ind,0,1,0,69
2026-08-26,isr,0,1,0,10
2026-08-26,jpn,0,6,0,15.666666666666666
2026-08-26,kaz,0,9,0,13.777777777777779
2026-08-26,kgz,0,3,0,3.6666666666666665
2026-08-26,kor,0,2,0,6.5
2026-08-26,lva,0,9,0,34.888888888888886
2026-08-26,mda,0,3,0,23.666666666666668
2026-08-26,nld,0,7,0,13.142857142857142
2026-08-26,nor,0,1,0,10
2026-08-26,pak,0,1,0,68
2026-08-26,pan,0,2,0,5.5
2026-08-26,pol,0,1,0,11
2026-08-26,svk,0,1,0,8
2026-08-26,syr,0,1,0,5
2026-08-26,tjk,0,2,0,2.5
2026-08-26,tkm,0,1,0,11
2026-08-26,tur,0,7,0,21.571428571428573
2026-08-26,ukr,0,50,0,52.6
2026-08-26,usa,0,8,0,18.375
2026-08-26,vnm,0,1,0,11
2026-08-27,alb,0,1,0,10
2026-08-27,are,0,3,0,3.3333333333333335
2026-08-27,aze,0,2,0,3
2026-08-27,bel,0,2,0,7.5
2026-08-27,bgd,0,1,0,97
2026-08-27,blr,0,12,0,17.25
2026-08-27,cmr,0,1,0,8
2026-08-27,cyp,0,1,0,58
2026-08-27,cze,0,8,0,64
2026-08-27,deu,0,11,0,34.72727272727273
2026-08-27,est,0,5,0,30.2
2026-08-27,fin,0,1,0,1
2026-08-27,fra,0,1,0,64
2026-08-27,gbr,0,9,0,47.55555555555556
2026-08-27,geo,0,1,0,57
2026-08-27,idn,0,3,0,44
2026-08-27,isr,0,4,0,6.75
2026-08-27,ita,0,1,0,77
2026-08-27,kaz,0,11,0,4.818181818181818
2026-08-27,kgz,0,5,0,5
2026-08-27,kor,0,3,0,5.666666666666667
2026-08-27,kwt,0,1,0,71
2026-08-27,lva,0,9,0,56.44444444444444
2026-08-27,mda,0,10,0,61.5
2026-08-27,nld,0,5,0,22.2
2026-08-27,pak,0,1,0,57
2026-08-27,pol,0,2,0,10.5
2026-08-27,swe,0,1,0,8
2026-08-27,tjk,0,8,0,8.125
2026-08-27,tkm,0,3,0,8.333333333333332
2026-08-27,tur,0,9,0,40.22222222222222
2026-08-27,usa,0,17,0,28.647058823529413
2026-08-27,vnm,0,1,0,72
2026-08-28,are,0,6,0,56.833333333333336
2026-08-28,arm,0,2,0,1
2026-08-28,can,0,2,0,11
2026-08-28,chn,0,1,0,3
2026-08-28,cyp,0,1,0,57
2026-08-28,cze,0,8,0,53.875
2026-08-28,deu,0,7,0,54.57142857142857
2026-08-28,egy,0,1,0,7
2026-08-28,esp,0,5,0,24.4
2026-08-28,fin,0,1,0,9
2026-08-28,fra,0,9,0,63.44444444444444
2026-08-28,gbr,0,52,0,49.48076923076923
2026-08-28,geo,0,1,0,19
2026-08-28,grc,0,1,0,2
2026-08-28,hkg,0,1,0,10
2026-08-28,idn,0,1,0,88
2026-08-28,irn,0,3,0,7
2026-08-28,isr,0,1,0,26
2026-08-28,ita,0,1,0,76
2026-08-28,jpn,0,1,0,7
2026-08-28,kaz,0,9,0,5
2026-08-28,kgz,0,6,0,3.8333333333333335
2026-08-28,kor,0,3,0,5.666666666666667
2026-08-28,lva,0,13,0,56.53846153846154
2026-08-28,mda,0,1,0,46
2026-08-28,nld,0,4,0,29.25
2026-08-28,nor,0,1,0,8
2026-08-28,pol,0,1,0,11
2026-08-28,prt,0,2,0,5.5
2026-08-28,swe,0,1,0,9
2026-08-28,tha,0,10,0,40.9
2026-08-28,tjk,0,4,0,6.25
2026-08-28,tur,0,10,0,38.6
2026-08-28,ukr,0,48,0,48.791666666666664
2026-08-28,usa,0,22,0,31.181818181818183
2026-08-28,vnm,0,4,0,51.5
2026-08-29,aut,0,1,0,4
2026-08-29,bgd,0,1,0,72
2026-08-29,blr,0,3,0,5
2026-08-29,che,0,1,0,10
2026-08-29,cyp,0,1,0,57
2026-08-29,cze,0,7,0,62
2026-08-29,deu,0,8,0,7
2026-08-29,dnk,0,1,0,1
2026-08-29,esp,0,1,0,8
2026-08-29,est,0,3,0,37.333333333333336
2026-08-29,fin,0,1,0,5
2026-08-29,gbr,0,12,0,20.083333333333332
2026-08-29,geo,0,1,0,11
2026-08-29,hkg,0,3,0,5.666666666666667
2026-08-29,ind,0,1,0,9
2026-08-29,isr,0,2,0,13
2026-08-29,ita,0,1,0,1
2026-08-29,kaz,0,6,0,6.166666666666667
2026-08-29,kgz,0,5,0,5
2026-08-29,kor,0,1,0,7
2026-08-29,ltu,0,1,0,10
2026-08-29,lva,0,6,0,58.666666666666664
2026-08-29,nld,0,4,0,21.75
2026-08-29,pol,0,3,0,6
2026-08-29,tjk,0,15,0,5.533333333333333
2026-08-29,tkm,0,2,0,3
2026-08-29,tur,0,3,0,19.666666666666668
2026-08-29,ukr,0,20,0,38.15
2026-08-29,usa,0,7,0,22.571428571428573
2026-08-29,vnm,0,1,0,88
2026-08-30,aze,0,1,0,9
2026-08-30,blr,0,2,0,7.5
2026-08-30,cyp,0,1,0,58
2026-08-30,cze,0,5,0,52.6
2026-08-30,deu,0,1,0,9
2026-08-30,dza,0,1,0,69
2026-08-30,egy,0,1,0,11
2026-08-30,esp,0,1,0,98
2026-08-30,fra,0,4,0,8.5
2026-08-30,gbr,0,11,0,21.818181818181817
2026-08-30,geo,0,2,0,7
2026-08-30,gtm,0,1,0,2
2026-08-30,hkg,0,2,0,7
2026-08-30,ind,0,1,0,44
2026-08-30,irn,0,2,0,8.5
2026-08-30,isr,0,1,0,4
2026-08-30,ita,0,1,0,7
2026-08-30,jor,0,1,0,55
2026-08-30,jpn,0,1,0,5
2026-08-30,kgz,0,9,0,3.2222222222222223
2026-08-30,kor,0,9,0,8
2026-08-30,ltu,0,1,0,6
2026-08-30,lva,0,6,0,51
2026-08-30,mda,0,1,0,8
2026-08-30,mys,0,1,0,66
2026-08-30,nld,0,4,0,8.5
2026-08-30,nor,0,1,0,8
2026-08-30,phl,0,1,0,70
2026-08-30,pol,0,2,0,9.5
2026-08-30,sau,0,1,0,7
2026-08-30,swe,0,2,0,4
2026-08-30,tha,0,1,0,10
2026-08-30,tjk,0,11,0,5.818181818181818
2026-08-30,tur,0,2,0,34
2026-08-30,ukr,0,58,0,38.62068965517241
2026-08-30,usa,0,7,0,8.714285714285715
2026-08-30,yem,0,1,0,11
2026-08-31,are,0,1,0,8
2026-08-31,arg,0,2,0,8
2026-08-31,bel,0,1,0,9
2026-08-31,blr,0,11,0,17.363636363636363
2026-08-31,bra,0,3,0,18.666666666666668
2026-08-31,che,0,1,0,9
2026-08-31,cyp,0,1,0,57
2026-08-31,cze,0,4,0,63.25
2026-08-31,deu,0,5,0,6.6
2026-08-31,est,0,1,0,51
2026-08-31,gbr,0,6,0,41.166666666666664
2026-08-31,geo,0,2,0,9
2026-08-31,ind,0,1,0,23
2026-08-31,isr,0,2,0,6
2026-08-31,ita,0,1,0,35
2026-08-31,jor,0,3,0,4.666666666666666
2026-08-31,kaz,0,14,0,10.785714285714286
2026-08-31,kgz,0,2,0,4.5
2026-08-31,kor,0,10,0,5.9
2026-08-31,lby,0,1,0,3
2026-08-31,ltu,0,1,0,10
2026-08-31,lva,0,9,0,58.44444444444444
2026-08-31,mda,0,8,0,59.25
2026-08-31,mys,0,1,0,57
2026-08-31,nld,0,7,0,6.571428571428571
2026-08-31,sau,0,2,0,3.5
2026-08-31,swe,0,11,0,3.909090909090909
2026-08-31,tha,0,2,0,56.5
2026-08-31,tkm,0,1,0,3
2026-08-31,tur,0,7,0,6.714285714285714
2026-08-31,ukr,0,79,0,44
2026-09-01,are,0,1,0,9
2026-09-01,arm,0,2,0,6.5
2026-09-01,blr,0,6,0,5.666666666666667
2026-09-01,bra,0,1,0,10
2026-09-01,cyp,0,2,0,57
2026-09-01,cze,0,4,0,64
2026-09-01,est,0,3,0,53.666666666666664
2026-09-01,fra,0,2,0,5.5
2026-09-01,gbr,0,6,0,43.166666666666664
2026-09-01,grc,0,1,0,10
2026-09-01,hkg,0,5,0,6.2
2026-09-01,hun,0,1,0,10
2026-09-01,ind,0,1,0,33
2026-09-01,isr,0,4,0,19
2026-09-01,ita,0,1,0,3
2026-09-01,kaz,0,10,0,6.6
2026-09-01,kor,0,1,0,7
2026-09-01,lva,0,6,0,44.333333333333336
2026-09-01,mda,0,4,0,45
2026-09-01,sau,0,1,0,9
2026-09-01,srb,0,1,0,8
2026-09-01,svk,0,1,0,11
2026-09-01,swe,0,2,0,2.5
2026-09-01,tha,0,1,0,8
2026-09-01,tjk,0,3,0,5
2026-09-01,usa,0,19,0,6.368421052631579
2026-09-02,are,0,1,0,4
2026-09-02,bgd,0,1,0,34
2026-09-02,blr,0,2,0,10.5
2026-09-02,cyp,0,1,0,4
2026-09-02,cze,0,7,0,52.285714285714285
2026-09-02,deu,0,7,0,20.714285714285715
2026-09-02,esp,0,1,0,11
2026-09-02,est,0,2,0,54.5
2026-09-02,fin,0,3,0,6.666666666666667
2026-09-02,fra,0,4,0,6.5
2026-09-02,gbr,0,11,0,22.272727272727273
2026-09-02,geo,0,1,0,4
2026-09-02,hkg,0,1,0,7
2026-09-02,ind,0,1,0,14
2026-09-02,kaz,0,15,0,10.866666666666667
2026-09-02,kgz,0,12,0,5.25
2026-09-02,kor,0,7,0,7.142857142857143
2026-09-02,lva,0,10,0,50.9
2026-09-02,nld,0,5,0,8
2026-09-02,pol,0,2,0,89
2026-09-02,prt,0,1,0,8
2026-09-02,rou,0,1,0,7
2026-09-02,rus,0,174,0,17.28735632183908
2026-09-02,sau,0,1,0,3
2026-09-02,slv,0,1,0,5
2026-09-02,swe,0,1,0,2
2026-09-02,tjk,0,15,0,6.4
2026-09-02,tkm,0,4,0,5
2026-09-02,ukr,0,32,0,34.4375
2026-09-02,usa,0,32,0,7.1875
2026-09-02,vnm,0,2,0,8
2026-09-03,arm,0,1,0,11
2026-09-03,aut,0,1,0,11
2026-09-03,bgr,0,1,0,8
2026-09-03,blr,0,16,0,15.625
2026-09-03,can,0,1,0,9
2026-09-03,cyp,0,1,0,58
2026-09-03,cze,0,7,0,59.285714285714285
2026-09-03,deu,0,15,0,21.6
2026-09-03,egy,0,1,0,8
2026-09-03,esp,0,3,0,9.666666666666666
2026-09-03,est,0,2,0,33
2026-09-03,fin,0,3,0,6
2026-09-03,fra,0,1,0,5
2026-09-03,gbr,0,13,0,19.076923076923077
2026-09-03,geo,0,2,0,5.5
2026-09-03,hkg,0,3,0,5.333333333333333
2026-09-03,ind,0,1,0,16
2026-09-03,irn,0,1,0,2
2026-09-03,ita,0,5,0,28
2026-09-03,kaz,0,18,0,7.333333333333333
2026-09-03,kgz,0,14,0,5.357142857142857
2026-09-03,khm,0,1,0,5
2026-09-03,lva,0,10,0,53.8
2026-09-03,mda,0,6,0,66.5
2026-09-03,mex,0,1,0,9
2026-09-03,pol,0,2,0,56
2026-09-03,tha,0,1,0,3
2026-09-03,tur,0,5,0,6.8
2026-09-03,ukr,0,44,0,38.43181818181818
2026-09-03,usa,0,25,0,6.96
2026-09-03,ven,0,1,0,9
2026-09-04,are,0,8,0,51.375
2026-09-04,arm,0,2,0,32
2026-09-04,aut,0,1,0,4
2026-09-04,aze,0,1,0,9
2026-09-04,bgd,0,1,0,37
2026-09-04,bgr,0,1,0,1
2026-09-04,blr,0,9,0,6.222222222222222
2026-09-04,blz,0,1,0,10
2026-09-04,bra,0,3,0,34.333333333333336
2026-09-04,cyp,0,1,0,67
2026-09-04,cze,0,9,0,60.111111111111114
2026-09-04,deu,0,20,0,34.5
2026-09-04,fin,0,3,0,7
2026-09-04,fra,0,3,0,61
2026-09-04,gbr,0,31,0,37.25806451612903
2026-09-04,geo,0,6,0,22.5
2026-09-04,gin,0,1,0,3
2026-09-04,grc,0,1,0,27
2026-09-04,hkg,0,2,0,4.5
2026-09-04,idn,0,3,0,68.66666666666667
2026-09-04,ind,0,1,0,23
2026-09-04,irl,0,1,0,29
2026-09-04,irn,0,1,0,5
2026-09-04,isr,0,2,0,5
2026-09-04,ita,0,1,0,60
2026-09-04,jor,0,3,0,4.666666666666666
2026-09-04,jpn,0,3,0,25.666666666666668
2026-09-04,kaz,0,11,0,10.272727272727273
2026-09-04,kgz,0,12,0,5.666666666666667
2026-09-04,kor,0,7,0,6.714285714285714
2026-09-04,lva,0,8,0,46.5
2026-09-04,mda,0,2,0,6.5
2026-09-04,mex,0,2,0,5.5
2026-09-04,mrt,0,1,0,5
2026-09-04,nld,0,7,0,15.571428571428571
2026-09-04,nor,0,1,0,1
2026-09-04,per,0,1,0,11
2026-09-04,rou,0,1,0,8
2026-09-04,srb,0,1,0,7
2026-09-04,swe,0,1,0,9
2026-09-04,tha,0,7,0,59
2026-09-04,tjk,0,20,0,6.55
2026-09-04,tur,0,8,0,41.25
2026-09-04,ukr,0,44,0,50.84090909090909
2026-09-04,usa,0,31,0,29.64516129032258
2026-09-04,vnm,0,4,0,47
2026-09-05,afg,0,1,0,3
2026-09-05,are,0,1,0,9
2026-09-05,aze,0,1,0,40
2026-09-05,blr,0,8,0,11.125
2026-09-05,bra,0,3,0,27.666666666666668
2026-09-05,cyp,0,1,0,59
2026-09-05,cze,0,9,0,58.22222222222222
2026-09-05,deu,0,8,0,29.875
2026-09-05,est,0,1,0,55
2026-09-05,fin,0,1,0,10
2026-09-05,gbr,0,11,0,21.363636363636363
2026-09-05,geo,0,1,0,1
2026-09-05,grc,0,1,0,9
2026-09-05,hkg,0,1,0,9
2026-09-05,idn,0,2,0,20.5
2026-09-05,ind,0,1,0,10
2026-09-05,ita,0,1,0,65
2026-09-05,jpn,0,2,0,32.5
2026-09-05,kaz,0,13,0,7.230769230769231
2026-09-05,kgz,0,17,0,6.470588235294118
2026-09-05,kor,0,5,0,7.4
2026-09-05,kwt,0,1,0,36
2026-09-05,lao,0,1,0,8
2026-09-05,lva,0,8,0,53.625
2026-09-05,mda,0,1,0,9
2026-09-05,mex,0,2,0,6.5
2026-09-05,nld,0,6,0,12.833333333333334
2026-09-05,sau,0,2,0,4
2026-09-05,tha,0,1,0,5
2026-09-05,tjk,0,9,0,7.333333333333333
2026-09-05,tkm,0,1,0,8
2026-09-05,tur,0,4,0,7
2026-09-05,ukr,0,31,0,44.41935483870968
2026-09-05,usa,0,20,0,24.2
2026-09-05,zaf,0,1,0,11
2026-09-06,arg,0,1,0,3
2026-09-06,bgr,0,2,0,9.5
2026-09-06,blr,0,8,0,7.875
2026-09-06,can,0,1,0,7
2026-09-06,cyp,0,2,0,29.5
2026-09-06,cze,0,8,0,52.25
2026-09-06,deu,0,10,0,32.8
2026-09-06,fin,0,3,0,7.333333333333333
2026-09-06,fra,0,1,0,10
2026-09-06,gbr,0,13,0,20.384615384615383
2026-09-06,geo,0,1,0,9
2026-09-06,hkg,0,1,0,10
2026-09-06,idn,0,1,0,6
2026-09-06,ita,0,4,0,22
2026-09-06,kaz,0,11,0,6.181818181818182
2026-09-06,kgz,0,13,0,7.230769230769231
2026-09-06,kor,0,8,0,6.875
2026-09-06,lva,0,8,0,48.25
2026-09-06,mda,0,1,0,10
2026-09-06,nld,0,2,0,8.5
2026-09-06,pol,0,2,0,8
2026-09-06,sau,0,1,0,10
2026-09-06,syr,0,1,0,7
2026-09-06,tha,0,2,0,7
2026-09-06,tjk,0,12,0,7.25
2026-09-06,tur,0,5,0,5
2026-09-06,ukr,0,74,0,47.63513513513514
2026-09-06,usa,0,27,0,19.59259259259259
2026-09-07,are,0,1,0,10
2026-09-07,aze,0,1,0,2
2026-09-07,blr,0,16,0,17.3125
2026-09-07,bra,0,1,0,36
2026-09-07,cyp,0,1,0,64
2026-09-07,cze,0,8,0,53.5
2026-09-07,fin,0,1,0,1
2026-09-07,fra,0,1,0,8
2026-09-07,gbr,0,11,0,17.90909090909091
2026-09-07,geo,0,1,0,6
2026-09-07,gnb,0,2,0,4.5
2026-09-07,idn,0,1,0,94
2026-09-07,isr,0,1,0,10
2026-09-07,ita,0,2,0,36
2026-09-07,jam,0,1,0,7
2026-09-07,kaz,0,15,0,5.666666666666667
2026-09-07,kgz,0,14,0,6.714285714285714
2026-09-07,kor,0,3,0,6.666666666666667
2026-09-07,ltu,0,2,0,10.5
2026-09-07,lva,0,4,0,50.25
2026-09-07,mda,0,2,0,47
2026-09-07,nld,0,8,0,10.75
2026-09-07,nor,0,1,0,2
2026-09-07,pol,0,2,0,1
2026-09-07,qat,0,1,0,7
2026-09-07,srb,0,1,0,3
2026-09-07,svn,0,1,0,1
2026-09-07,swe,0,5,0,7.2
2026-09-07,syr,0,1,0,4
2026-09-07,tha,0,3,0,7.333333333333333
2026-09-07,tur,0,2,0,9
2026-09-07,ukr,0,40,0,34.6
2026-09-07,usa,0,23,0,12.608695652173912
2026-09-07,zaf,0,1,0,1
2026-09-08,arg,0,3,0,8.666666666666668
2026-09-08,bel,0,1,0,5
2026-09-08,bgr,0,1,0,11
2026-09-08,bra,0,2,0,5
2026-09-08,can,0,1,0,11
2026-09-08,chn,0,3,0,7
2026-09-08,cze,0,6,0,46.333333333333336
2026-09-08,deu,0,7,0,7
2026-09-08,esp,0,1,0,1
2026-09-08,est,0,1,0,1
2026-09-08,fin,0,1,0,2
2026-09-08,fra,0,1,0,8
2026-09-08,gbr,0,10,0,12.6
2026-09-08,hrv,0,1,0,9
2026-09-08,irn,0,1,0,10
2026-09-08,isr,0,4,0,5.75
2026-09-08,ita,0,1,0,9
2026-09-08,jpn,0,2,0,7.5
2026-09-08,kaz,0,13,0,8.307692307692307
2026-09-08,kgz,0,22,0,6.636363636363637
2026-09-08,kor,0,3,0,7.666666666666667
2026-09-08,ltu,0,1,0,9
2026-09-08,lva,0,8,0,40.375
2026-09-08,mda,0,2,0,9
2026-09-08,nor,0,1,0,9
2026-09-08,swe,0,2,0,13
2026-09-08,tjk,0,14,0,5.5
2026-09-08,tkm,0,1,0,7
2026-09-08,tur,0,6,0,5.666666666666667
2026-09-08,uga,0,1,0,8
2026-09-08,ukr,0,18,0,32.33333333333333
2026-09-08,usa,0,18,0,8.61111111111111
2026-09-08,vnm,0,2,0,2
2026-09-09,alb,0,1,0,9
2026-09-09,arg,0,1,0,3
2026-09-09,aut,0,1,0,4
2026-09-09,bel,0,1,0,9
2026-09-09,bgr,0,1,0,9
2026-09-09,blr,0,4,0,7.5
2026-09-09,bra,0,2,0,1.5
2026-09-09,chn,0,1,0,5
2026-09-09,cze,0,4,0,57.5
2026-09-09,deu,0,5,0,7.2
2026-09-09,egy,0,5,0,5.4
2026-09-09,gbr,0,9,0,8.333333333333332
2026-09-09,geo,0,3,0,21.666666666666668
2026-09-09,ind,0,1,0,17
2026-09-09,irn,0,4,0,7.25
2026-09-09,isr,0,2,0,7
2026-09-09,ita,0,2,0,5.5
2026-09-09,kaz,0,15,0,6.4
2026-09-09,kor,0,2,0,5.5
2026-09-09,lva,0,5,0,39.4
2026-09-09,mda,0,1,0,7
2026-09-09,mne,0,1,0,4
2026-09-09,nld,0,7,0,5.142857142857143
2026-09-09,npl,0,1,0,2
2026-09-09,pol,0,1,0,11
2026-09-09,rou,0,3,0,7
2026-09-09,sau,0,2,0,5.5
2026-09-09,swe,0,1,0,6
2026-09-09,tha,0,1,0,1
2026-09-09,tjk,0,11,0,4.909090909090909
2026-09-09,tkm,0,2,0,6.5
2026-09-09,tur,0,8,0,7.5
2026-09-09,ukr,0,47,0,36.787234042553195
2026-09-09,usa,0,30,0,6.633333333333334
2026-09-09,vnm,0,1,0,6
2026-09-10,are,0,1,0,2
2026-09-10,arg,0,1,0,8
2026-09-10,aze,0,1,0,8
2026-09-10,bhr,0,1,0,6
2026-09-10,blr,0,5,0,6
2026-09-10,can,0,1,0,1
2026-09-10,deu,0,6,0,7.5
2026-09-10,esp,0,1,0,1
2026-09-10,est,0,1,0,10
2026-09-10,fra,0,7,0,8.428571428571429
2026-09-10,gbr,0,8,0,7
2026-09-10,geo,0,1,0,7
2026-09-10,hkg,0,1,0,4
2026-09-10,irn,0,2,0,4.5
2026-09-10,ita,0,2,0,7.5
2026-09-10,jpn,0,2,0,5.5
2026-09-10,kaz,0,15,0,9.8
2026-09-10,kor,0,3,0,6
2026-09-10,ltu,0,2,0,3.5
2026-09-10,lva,0,3,0,6.333333333333333
2026-09-10,mda,0,2,0,5
2026-09-10,nld,0,3,0,7.333333333333333
2026-09-10,pol,0,1,0,5
2026-09-10,qat,0,2,0,9
2026-09-10,sau,0,1,0,6
2026-09-10,sgp,0,2,0,9
2026-09-10,svk,0,2,0,5
2026-09-10,swe,0,1,0,8
2026-09-10,tjk,0,14,0,5.285714285714286
2026-09-10,tkm,0,9,0,5.555555555555555
2026-09-10,tur,0,14,0,6.357142857142857
2026-09-10,twn,0,1,0,11
2026-09-10,ukr,0,21,0,37.857142857142854
2026-09-10,usa,0,17,0,6.352941176470588
2026-09-10,vnm,0,1,0,10
2026-09-11,are,0,1,0,9
2026-09-11,arm,0,2,0,8
2026-09-11,aze,0,1,0,10
2026-09-11,blr,0,6,0,5.833333333333333
2026-09-11,bra,0,3,0,18.666666666666668
2026-09-11,cze,0,1,0,8
2026-09-11,deu,0,5,0,6
2026-09-11,egy,0,1,0,4
2026-09-11,esp,0,1,0,7
2026-09-11,fin,0,1,0,4
2026-09-11,gbr,0,3,0,3.6666666666666665
2026-09-11,geo,0,3,0,5.666666666666667
2026-09-11,hrv,0,1,0,4
2026-09-11,hun,0,1,0,8
2026-09-11,irn,0,2,0,7.5
2026-09-11,isr,0,1,0,5
2026-09-11,ita,0,2,0,8.5
2026-09-11,jpn,0,1,0,6
2026-09-11,kaz,0,13,0,5.769230769230769
2026-09-11,kor,0,5,0,6.4
2026-09-11,ltu,0,1,0,9
2026-09-11,mys,0,1,0,9
2026-09-11,nld,0,8,0,7.25
2026-09-11,phl,0,1,0,5
2026-09-11,pol,0,6,0,5.166666666666667
2026-09-11,sau,0,5,0,5.4
2026-09-11,swe,0,3,0,7.333333333333333
2026-09-11,tkm,0,3,0,8.333333333333332
2026-09-11,tur,0,14,0,7.285714285714286
2026-09-11,ukr,0,20,0,27.45
2026-09-11,usa,0,18,0,6.166666666666667
2026-09-11,vnm,0,2,0,8.5
2026-09-12,afg,0,1,0,1
2026-09-12,are,0,2,0,8.5
2026-09-12,arg,0,1,0,5
2026-09-12,arm,0,2,0,3.5
2026-09-12,aze,0,2,0,7
2026-09-12,bgr,0,1,0,10
2026-09-12,blr,0,1,0,11
2026-09-12,bra,0,2,0,21.5
2026-09-12,can,0,2,0,9
2026-09-12,cze,0,3,0,8.333333333333332
2026-09-12,deu,0,4,0,3.75
2026-09-12,esp,0,3,0,8.666666666666668
2026-09-12,est,0,1,0,1
2026-09-12,fra,0,3,0,5.666666666666667
2026-09-12,gbr,0,3,0,6.666666666666667
2026-09-12,geo,0,3,0,9.666666666666666
2026-09-12,hkg,0,2,0,7
2026-09-12,irn,0,1,0,4
2026-09-12,jpn,0,2,0,5.5
2026-09-12,kaz,0,20,0,6.2
2026-09-12,ltu,0,3,0,2
2026-09-12,lva,0,1,0,11
2026-09-12,nld,0,6,0,7.166666666666667
2026-09-12,nzl,0,1,0,1
2026-09-12,rou,0,1,0,4
2026-09-12,sau,0,1,0,6
2026-09-12,swe,0,3,0,4.666666666666666
2026-09-12,tjk,0,21,0,6.285714285714286
2026-09-12,tur,0,8,0,6.5
2026-09-12,ukr,0,23,0,41.78260869565217
2026-09-12,usa,0,18,0,6.111111111111111
2026-09-12,zzz,0,3,0,5.333333333333333
2026-09-13,arg,0,1,0,15
2026-09-13,aze,0,2,0,7
2026-09-13,bgd,0,1,0,2
2026-09-13,bgr,0,1,0,7
2026-09-13,blr,0,4,0,3.5
2026-09-13,bra,0,4,0,11.75
2026-09-13,can,0,1,0,9
2026-09-13,cze,0,1,0,7
2026-09-13,deu,0,13,0,6.846153846153846
2026-09-13,est,0,1,0,4
2026-09-13,gbr,0,2,0,9
2026-09-13,hkg,0,2,0,4.5
2026-09-13,hun,0,1,0,11
2026-09-13,isr,0,4,0,5.25
2026-09-13,jam,0,1,0,5
2026-09-13,jpn,0,2,0,2
2026-09-13,kor,0,7,0,7.714285714285714
2026-09-13,ltu,0,1,0,1
2026-09-13,lva,0,1,0,1
2026-09-13,mda,0,1,0,11
2026-09-13,mmr,0,1,0,7
2026-09-13,nld,0,1,0,11
2026-09-13,nor,0,1,0,7
2026-09-13,per,0,1,0,10
2026-09-13,phl,0,1,0,2
2026-09-13,pol,0,4,0,8
2026-09-13,rou,0,1,0,1
2026-09-13,sau,0,4,0,6
2026-09-13,svk,0,1,0,11
2026-09-13,syr,0,2,0,5
2026-09-13,tjk,0,16,0,7.4375
2026-09-13,tkm,0,4,0,8.25
2026-09-13,ukr,0,14,0,32.214285714285715
2026-09-13,usa,0,29,0,7.068965517241379
2026-09-14,are,0,1,0,2
2026-09-14,arm,0,2,0,11
2026-09-14,aus,0,1,0,6
2026-09-14,aut,0,1,0,10
2026-09-14,aze,0,1,0,1
2026-09-14,bel,0,1,0,10
2026-09-14,blr,0,11,0,7.636363636363637
2026-09-14,bra,0,1,0,3
2026-09-14,che,0,1,0,2
2026-09-14,chn,0,1,0,8
2026-09-14,cze,0,2,0,1
2026-09-14,egy,0,1,0,4
2026-09-14,esp,0,2,0,8.5
2026-09-14,fra,0,3,0,9.333333333333334
2026-09-14,gbr,0,2,0,11.5
2026-09-14,geo,0,3,0,3.3333333333333335
2026-09-14,grc,0,1,0,5
2026-09-14,gtm,0,1,0,1
2026-09-14,hkg,0,3,0,6.333333333333333
2026-09-14,idn,0,1,0,91
2026-09-14,isr,0,2,0,4
2026-09-14,kaz,0,19,0,5.157894736842105
2026-09-14,kgz,0,16,0,5.0625
2026-09-14,kor,0,1,0,10
2026-09-14,ltu,0,1,0,8
2026-09-14,lva,0,1,0,2
2026-09-14,mex,0,1,0,5
2026-09-14,mng,0,1,0,8
2026-09-14,nld,0,3,0,7.666666666666667
2026-09-14,per,0,1,0,10
2026-09-14,phl,0,1,0,17
2026-09-14,pol,0,2,0,1.5
2026-09-14,rou,0,2,0,15
2026-09-14,sau,0,1,0,5
2026-09-14,swe,0,3,0,4.666666666666666
2026-09-14,tjk,0,35,0,5.9714285714285715
2026-09-14,tkm,0,2,0,8.5
2026-09-14,tur,0,4,0,5.5
2026-09-14,ukr,0,20,0,30.65
2026-09-14,usa,0,11,0,4.818181818181818
