query,clicks,impressions,ctr,position
ai instagram manager,0,1,0,11
ai боты для бизнеса,0,4,0,97.25
ai продавец,0,1,0,35
gptbot,0,4,0,7
instagram direct nima,0,1,0,8
sotuvchi ai,0,1,0,7
автоматизация заявок,0,5,0,93.4
автоматизация продажи товаров,0,2,0,85.5
бот для инстаграм директ,0,10,0,18.3
директ бот,0,2,0,77
ии бот для бизнеса,0,1,0,86
как обрабатывать заявки,0,1,0,67
менеджер в инстаграм,0,1,0,54
чат боти для бізнесу,0,1,0,71
чат-бот для бизнеса,0,1,0,51
чат-бот мастер для бизнеса,0,1,0,62
"чем отличается система, аналогичная gpt, на национальной платформе искусственного интеллекта от обычного чат-бота?",0,2,0,6
