query,page,clicks,impressions,ctr,position
ai instagram manager,https://gptbot.uz/ru/blog/ai-menedzher-dlya-instagram/,0,1,0,11
ai боты для бизнеса,https://gptbot.uz/ru/gpt-bot-dlya-biznesa/,0,4,0,97.25
ai продавец,https://gptbot.uz/ru/ai-prodavec/,0,1,0,35
gptbot,https://gptbot.uz/,0,3,0,8.333333333333332
gptbot,https://gptbot.uz/ru/gpt-bot-dlya-biznesa/,0,1,0,3
instagram direct nima,https://gptbot.uz/uz/instagram-uchun-ai-menejer/,0,1,0,8
sotuvchi ai,https://gptbot.uz/uz/ai-sotuvchi/,0,1,0,7
автоматизация заявок,https://gptbot.uz/ru/blog/avtomatizatsiya-zayavok-instruktsiya/,0,5,0,93.4
автоматизация продажи товаров,https://gptbot.uz/ru/avtomatizatsiya-prodazh/,0,2,0,85.5
бот для инстаграм директ,https://gptbot.uz/ru/blog/instagram-direct-bot-kak-rabotaet/,0,6,0,14.5
бот для инстаграм директ,https://gptbot.uz/ru/instagram-direct-bot/,0,4,0,24
директ бот,https://gptbot.uz/ru/instagram-direct-bot/,0,2,0,77
ии бот для бизнеса,https://gptbot.uz/ru/ai-bot-dlya-biznesa/,0,1,0,86
как обрабатывать заявки,https://gptbot.uz/ru/blog/avtomatizatsiya-zayavok-instruktsiya/,0,1,0,67
менеджер в инстаграм,https://gptbot.uz/ru/blog/ai-menedzher-dlya-instagram/,0,1,0,54
чат боти для бізнесу,https://gptbot.uz/ru/chat-bot-dlya-biznesa/,0,1,0,71
чат-бот для бизнеса,https://gptbot.uz/ru/chat-bot-dlya-biznesa/,0,1,0,51
чат-бот мастер для бизнеса,https://gptbot.uz/ru/chat-bot-dlya-biznesa/,0,1,0,62
"чем отличается система, аналогичная gpt, на национальной платформе искусственного интеллекта от обычного чат-бота?",https://gptbot.uz/ru/blog/gpt-bot-vs-chat-bot/,0,2,0,6
